well_id,barcode,mapped_batch_id,mapped_control,cpmd_pg,dmso_mM,pert_type,site_id,cell_tot,area,min_diameter,max_diameter,seeded,painted
B02,PB000095,0,0,4e-10,10.0,poscon,s1,125,103.64880440114344,0.8063321966091317,179.00077322512246,2023-07-04  10:22:00,2023-07-06  10:40:00
B02,PB000095,0,0,4e-10,10.0,poscon,s2,100,97.6586476241915,0.7774397422431327,166.33685406003613,2023-07-04  10:22:00,2023-07-06  10:40:00
B03,PB000093,3,0,4.0000000000000004e-11,1.0,poscon,s1,48,98.7876004369267,0.7337812790689746,217.12776719528196,2023-07-04  10:21:30,2023-07-06  10:40:00
B03,PB000093,3,0,4.0000000000000004e-11,1.0,poscon,s2,49,133.4837925419544,0.8703708309117737,211.95899383735835,2023-07-04  10:21:30,2023-07-06  10:40:00
B04,PB000094,0,0,4e-10,10.0,poscon,s1,202,126.64613427760143,0.8356986025902252,206.4782376204439,2023-07-04  10:46:30,2023-07-06  12:49:00
B04,PB000094,0,0,4e-10,10.0,poscon,s2,231,131.79641048290887,0.7976931355657569,215.86505367613432,2023-07-04  10:46:30,2023-07-06  12:49:00
B05,PB000103,1,1,1e-10,14079098.93766799,negcon,s1,231,126.67979875586012,0.8312139864218423,202.79057624752343,2023-07-04  10:20:00,2023-07-06  10:40:00
B05,PB000103,1,1,1e-10,14079098.93766799,negcon,s2,210,134.08648262918865,0.7917780234085785,218.95086106444683,2023-07-04  10:20:00,2023-07-06  10:40:00
B06,PB000098,3,0,3.90625e-11,10.0,poscon,s1,221,131.87955915018728,0.8266725889871472,208.19383888964887,2023-07-04  10:47:30,2023-07-06  12:49:00
B06,PB000098,3,0,3.90625e-11,10.0,poscon,s2,191,114.85520126689266,0.7941984081223479,203.0595701396801,2023-07-04  10:47:30,2023-07-06  12:49:00
B07,PB000091,2,1,3.90625e-11,10.0,negcon,s1,235,132.38173323535506,0.7942634805877621,225.54230867086216,2023-07-04  10:21:00,2023-07-06  10:40:00
B07,PB000091,2,1,3.90625e-11,10.0,negcon,s2,166,121.059080128688,0.8093415217032127,197.5707946591254,2023-07-04  10:21:00,2023-07-06  10:40:00
B08,PB000102,1,1,1e-10,14079098.93766799,negcon,s1,133,100.43798304319876,0.7862732314446759,169.1267246894376,2023-07-04  10:48:30,2023-07-06  12:49:00
B08,PB000102,1,1,1e-10,14079098.93766799,negcon,s2,120,108.24260576505066,0.8102579765366562,176.46400510257246,2023-07-04  10:48:30,2023-07-06  12:49:00
B09,PB000095,2,1,4e-10,10.0,negcon,s1,140,104.0233525745232,0.7986957175697695,179.95374900234626,2023-07-04  10:22:00,2023-07-06  10:40:00
B09,PB000095,2,1,4e-10,10.0,negcon,s2,155,118.88854863448012,0.7840078999939549,195.99707455736984,2023-07-04  10:22:00,2023-07-06  10:40:00
B10,PB000090,3,0,3.90625e-11,10.0,poscon,s1,189,106.2609268013646,0.8301184204220601,170.6558731757345,2023-07-04  10:45:30,2023-07-06  12:49:00
B10,PB000090,3,0,3.90625e-11,10.0,poscon,s2,181,127.14730547443313,0.7918670167304054,207.58920009672343,2023-07-04  10:45:30,2023-07-06  12:49:00
B11,PB000102,1,1,1e-10,14079098.93766799,negcon,s1,249,117.25436489369312,0.792899766297197,199.96440864731863,2023-07-04  10:48:30,2023-07-06  12:49:00
B11,PB000102,1,1,1e-10,14079098.93766799,negcon,s2,183,129.42350197543055,0.7694553651933858,226.8784233596456,2023-07-04  10:48:30,2023-07-06  12:49:00
B12,PB000097,0,0,4e-10,10.0,poscon,s1,185,112.54218578678142,0.7852225079241054,191.85190240940784,2023-07-04  10:22:30,2023-07-06  10:40:00
B12,PB000097,0,0,4e-10,10.0,poscon,s2,159,115.43718737406948,0.7432361437834237,210.765051238749,2023-07-04  10:22:30,2023-07-06  10:40:00
B13,PB000089,0,0,3.90625e-11,10.0,poscon,s1,196,138.48405165476973,0.7688989276499464,230.5926350658657,2023-07-04  10:20:30,2023-07-06  10:40:00
B13,PB000089,0,0,3.90625e-11,10.0,poscon,s2,195,129.31763250868792,0.7446173828839685,224.3641364218666,2023-07-04  10:20:30,2023-07-06  10:40:00
B14,PB000097,3,0,3.90625e-11,10.0,poscon,s1,216,132.20744626098212,0.8037182455261467,208.6989722831057,2023-07-04  10:22:30,2023-07-06  10:40:00
B14,PB000097,3,0,3.90625e-11,10.0,poscon,s2,183,126.861863400405,0.8380394321508607,212.5453573645696,2023-07-04  10:22:30,2023-07-06  10:40:00
B15,PB000096,1,1,1e-10,14079098.93766799,negcon,s1,227,130.60893777636542,0.8204743695145605,211.07992226088763,2023-07-04  10:47:00,2023-07-06  12:49:00
B15,PB000096,1,1,1e-10,14079098.93766799,negcon,s2,264,125.5880823183588,0.7771017873228918,215.27335729121543,2023-07-04  10:47:00,2023-07-06  12:49:00
B16,PB000099,2,1,3.90625e-11,10.0,negcon,s1,37,24.12790219433249,0.779142618979177,43.72158949762713,2023-07-04  10:23:00,2023-07-06  10:40:00
B16,PB000099,2,1,3.90625e-11,10.0,negcon,s2,25,43.38827673081061,0.7986936651638128,77.97558837631601,2023-07-04  10:23:00,2023-07-06  10:40:00
B17,PB000089,1,1,1e-10,14079098.93766799,negcon,s1,243,121.68547592908398,0.8014733957909991,200.7975811816845,2023-07-04  10:20:30,2023-07-06  10:40:00
B17,PB000089,1,1,1e-10,14079098.93766799,negcon,s2,260,132.92847330455845,0.8088949617643189,225.1007050282122,2023-07-04  10:20:30,2023-07-06  10:40:00
B18,PB000093,1,1,1e-10,14079098.93766799,negcon,s1,230,114.4514870923628,0.7779561605278578,192.2311952623682,2023-07-04  10:21:30,2023-07-06  10:40:00
B18,PB000093,1,1,1e-10,14079098.93766799,negcon,s2,215,134.34936626246702,0.7973440737827608,220.94467063249576,2023-07-04  10:21:30,2023-07-06  10:40:00
B19,PB000094,1,1,1e-10,14079098.93766799,negcon,s1,132,115.606467333366,0.7539050723717406,202.54256653501915,2023-07-04  10:46:30,2023-07-06  12:49:00
B19,PB000094,1,1,1e-10,14079098.93766799,negcon,s2,93,139.1026058041638,0.8233869982544408,221.52488329163523,2023-07-04  10:46:30,2023-07-06  12:49:00
B20,PB000090,1,1,1e-10,14079098.93766799,negcon,s1,125,103.86952956213734,0.7999919349393889,184.98693602667845,2023-07-04  10:45:30,2023-07-06  12:49:00
B20,PB000090,1,1,1e-10,14079098.93766799,negcon,s2,113,129.5908550469107,0.8205556732493058,196.52451096735643,2023-07-04  10:45:30,2023-07-06  12:49:00
B21,PB000103,1,1,1e-10,14079098.93766799,negcon,s1,234,134.71106188106415,0.7605712633537685,229.15186103055595,2023-07-04  10:20:00,2023-07-06  10:40:00
B21,PB000103,1,1,1e-10,14079098.93766799,negcon,s2,201,142.37149080988468,0.8071552470634548,223.9913560244704,2023-07-04  10:20:00,2023-07-06  10:40:00
B22,PB000095,1,1,1e-10,14079098.93766799,negcon,s1,213,120.85226828774604,0.7790095737990794,198.99074991340092,2023-07-04  10:22:00,2023-07-06  10:40:00
B22,PB000095,1,1,1e-10,14079098.93766799,negcon,s2,147,122.28014177946234,0.8111897822991104,202.54989447672577,2023-07-04  10:22:00,2023-07-06  10:40:00
B23,PB000091,1,1,1e-10,14079098.93766799,negcon,s1,45,12.092130463600366,0.8724138124269849,23.62999109796592,2023-07-04  10:21:00,2023-07-06  10:40:00
B23,PB000091,1,1,1e-10,14079098.93766799,negcon,s2,86,11.474696446173414,0.8110939242214943,18.101134550191915,2023-07-04  10:21:00,2023-07-06  10:40:00
C02,PB000103,1,1,1e-10,14079098.93766799,negcon,s1,257,116.5517263543445,0.8565472796279384,192.71874667915205,2023-07-04  10:20:00,2023-07-06  10:40:00
C02,PB000103,1,1,1e-10,14079098.93766799,negcon,s2,272,119.75493011501864,0.8010529234201755,198.9850468893069,2023-07-04  10:20:00,2023-07-06  10:40:00
C03,PB000091,0,0,4.0000000000000004e-11,1.0,poscon,s1,89,97.73654998012674,0.7609172422614309,165.67862043400905,2023-07-04  10:21:00,2023-07-06  10:40:00
C03,PB000091,0,0,4.0000000000000004e-11,1.0,poscon,s2,131,104.36148504300417,0.8138479084634166,166.34543683629616,2023-07-04  10:21:00,2023-07-06  10:40:00
C04,PB000093,3,0,4e-10,10.0,poscon,s1,216,104.9585910728205,0.8047700014223602,175.73325859281164,2023-07-04  10:21:30,2023-07-06  10:40:00
C04,PB000093,3,0,4e-10,10.0,poscon,s2,198,114.0440153853078,0.7077286400330415,205.90737833269105,2023-07-04  10:21:30,2023-07-06  10:40:00
C05,PB000092,2,1,4e-10,10.0,negcon,s1,45,10.316826623678397,0.6836386173250226,15.755572423623216,2023-07-04  10:46:00,2023-07-06  12:49:00
C05,PB000092,2,1,4e-10,10.0,negcon,s2,22,27.756941958801427,0.7937757920586079,48.51134130300238,2023-07-04  10:46:00,2023-07-06  12:49:00
C06,PB000099,3,0,4e-10,10.0,poscon,s1,209,128.94348100842964,0.8163286439588946,207.6340544744569,2023-07-04  10:23:00,2023-07-06  10:40:00
C06,PB000099,3,0,4e-10,10.0,poscon,s2,170,128.92142996623198,0.812379730189676,199.4235869547525,2023-07-04  10:23:00,2023-07-06  10:40:00
C07,PB000089,2,1,4e-10,10.0,negcon,s1,192,119.1655268983071,0.7811966633793896,203.22794097309549,2023-07-04  10:20:30,2023-07-06  10:40:00
C07,PB000089,2,1,4e-10,10.0,negcon,s2,195,125.20232411167792,0.8265035079674667,203.0883192383295,2023-07-04  10:20:30,2023-07-06  10:40:00
C08,PB000092,0,0,3.90625e-11,10.0,poscon,s1,158,110.10212465932936,0.740304201430609,207.6732680921928,2023-07-04  10:46:00,2023-07-06  12:49:00
C08,PB000092,0,0,3.90625e-11,10.0,poscon,s2,178,120.95400767353868,0.8648214272975613,196.9230352274328,2023-07-04  10:46:00,2023-07-06  12:49:00
C09,PB000103,1,1,1e-10,14079098.93766799,negcon,s1,114,107.64075006700747,0.7531841979356932,204.59351225216423,2023-07-04  10:20:00,2023-07-06  10:40:00
C09,PB000103,1,1,1e-10,14079098.93766799,negcon,s2,99,120.93942151279248,0.819170602370168,196.1836276824095,2023-07-04  10:20:00,2023-07-06  10:40:00
C10,PB000097,2,1,4.0000000000000004e-11,1.0,negcon,s1,28,20.69383930771496,0.7772268557908992,43.22135610815771,2023-07-04  10:22:30,2023-07-06  10:40:00
C10,PB000097,2,1,4.0000000000000004e-11,1.0,negcon,s2,26,81.33503329304466,0.7866593031924789,150.08440069880515,2023-07-04  10:22:30,2023-07-06  10:40:00
C11,PB000093,1,1,1e-10,14079098.93766799,negcon,s1,41,8.995726469891384,0.832840645059586,14.829922639871777,2023-07-04  10:21:30,2023-07-06  10:40:00
C11,PB000093,1,1,1e-10,14079098.93766799,negcon,s2,21,13.234591506138951,0.879960534927831,21.75435147323483,2023-07-04  10:21:30,2023-07-06  10:40:00
C12,PB000090,2,1,4.0000000000000004e-11,1.0,negcon,s1,40,85.050512473997,0.8457625252916203,126.24125494744254,2023-07-04  10:45:30,2023-07-06  12:49:00
C12,PB000090,2,1,4.0000000000000004e-11,1.0,negcon,s2,38,83.0053111913355,0.8313285094184609,173.48825715728907,2023-07-04  10:45:30,2023-07-06  12:49:00
C13,PB000091,2,1,4.0000000000000004e-11,1.0,negcon,s1,206,140.576914619187,0.8131248630646708,223.5774923287896,2023-07-04  10:21:00,2023-07-06  10:40:00
C13,PB000091,2,1,4.0000000000000004e-11,1.0,negcon,s2,190,133.98390798339352,0.8083664716011295,209.3550261679939,2023-07-04  10:21:00,2023-07-06  10:40:00
C14,PB000098,2,1,4.0000000000000004e-11,1.0,negcon,s1,232,123.87435706639828,0.7724811643477338,207.9092501300284,2023-07-04  10:47:30,2023-07-06  12:49:00
C14,PB000098,2,1,4.0000000000000004e-11,1.0,negcon,s2,267,137.61830257858978,0.8155685544389836,229.81052271861316,2023-07-04  10:47:30,2023-07-06  12:49:00
C15,PB000090,3,0,4.0000000000000004e-11,1.0,poscon,s1,223,123.5493233222966,0.7898051206781967,206.87261675304413,2023-07-04  10:45:30,2023-07-06  12:49:00
C15,PB000090,3,0,4.0000000000000004e-11,1.0,poscon,s2,260,121.57797890043892,0.7999228659682407,201.9395009834655,2023-07-04  10:45:30,2023-07-06  12:49:00
C16,PB000089,3,0,4e-10,10.0,poscon,s1,244,126.29206485288888,0.7988103964971628,212.56786934300712,2023-07-04  10:20:30,2023-07-06  10:40:00
C16,PB000089,3,0,4e-10,10.0,poscon,s2,197,123.89564638656148,0.7632159681309546,208.63678812813637,2023-07-04  10:20:30,2023-07-06  10:40:00
C17,PB000092,1,1,1e-10,14079098.93766799,negcon,s1,266,132.15583602315616,0.8429823039455756,206.91179730291287,2023-07-04  10:46:00,2023-07-06  12:49:00
C17,PB000092,1,1,1e-10,14079098.93766799,negcon,s2,274,133.7034323584394,0.8186664200054459,213.41655102258835,2023-07-04  10:46:00,2023-07-06  12:49:00
C18,PB000090,1,1,1e-10,14079098.93766799,negcon,s1,113,6.252253948982687,0.8280886880693041,10.0086382443453,2023-07-04  10:45:30,2023-07-06  12:49:00
C18,PB000090,1,1,1e-10,14079098.93766799,negcon,s2,20,10.564670241445164,0.8299601324646579,17.284555600773068,2023-07-04  10:45:30,2023-07-06  12:49:00
C19,PB000092,3,0,4e-10,10.0,poscon,s1,157,111.45285727266238,0.7182721442088073,199.0878354860085,2023-07-04  10:46:00,2023-07-06  12:49:00
C19,PB000092,3,0,4e-10,10.0,poscon,s2,265,120.33135078866808,0.7759176866121693,212.04027694163855,2023-07-04  10:46:00,2023-07-06  12:49:00
C20,PB000089,1,1,1e-10,14079098.93766799,negcon,s1,321,123.92027221556393,0.812714933196837,199.8517280775711,2023-07-04  10:20:30,2023-07-06  10:40:00
C20,PB000089,1,1,1e-10,14079098.93766799,negcon,s2,343,119.66902859091962,0.7950368610356144,197.6092314413031,2023-07-04  10:20:30,2023-07-06  10:40:00
C21,PB000094,1,1,1e-10,14079098.93766799,negcon,s1,119,102.25145905281464,0.7705792541108164,166.0269647216484,2023-07-04  10:46:30,2023-07-06  12:49:00
C21,PB000094,1,1,1e-10,14079098.93766799,negcon,s2,166,97.94534697618596,0.7595816971692109,173.49230136545242,2023-07-04  10:46:30,2023-07-06  12:49:00
C22,PB000096,1,1,1e-10,14079098.93766799,negcon,s1,230,116.87333164884154,0.821688876878536,199.3218622829465,2023-07-04  10:47:00,2023-07-06  12:49:00
C22,PB000096,1,1,1e-10,14079098.93766799,negcon,s2,218,128.2703392035727,0.754036991572405,230.6840413987745,2023-07-04  10:47:00,2023-07-06  12:49:00
C23,PB000093,2,1,4e-10,10.0,negcon,s1,276,133.28944976667404,0.8105439521428754,212.98675410836933,2023-07-04  10:21:30,2023-07-06  10:40:00
C23,PB000093,2,1,4e-10,10.0,negcon,s2,272,133.2072021555659,0.8068028328129133,212.80144588482165,2023-07-04  10:21:30,2023-07-06  10:40:00
D02,PB000091,3,0,3.90625e-11,10.0,poscon,s1,227,115.17455571107972,0.796825051399417,195.1599470421303,2023-07-04  10:21:00,2023-07-06  10:40:00
D02,PB000091,3,0,3.90625e-11,10.0,poscon,s2,281,123.0573600681535,0.8198210012890115,206.4399444036783,2023-07-04  10:21:00,2023-07-06  10:40:00
D03,PB000090,1,1,1e-10,14079098.93766799,negcon,s1,247,107.831782816609,0.765329026563234,189.6946451597464,2023-07-04  10:45:30,2023-07-06  12:49:00
D03,PB000090,1,1,1e-10,14079098.93766799,negcon,s2,244,123.6246466898222,0.8295303780173278,201.8626776654828,2023-07-04  10:45:30,2023-07-06  12:49:00
D04,PB000091,1,1,1e-10,14079098.93766799,negcon,s1,205,120.18693029582796,0.8153711321293635,195.01288258423045,2023-07-04  10:21:00,2023-07-06  10:40:00
D04,PB000091,1,1,1e-10,14079098.93766799,negcon,s2,137,93.71460079782432,0.7608179124945075,153.64916191957894,2023-07-04  10:21:00,2023-07-06  10:40:00
D05,PB000103,1,1,1e-10,14079098.93766799,negcon,s1,201,118.04062099829346,0.8318326404009102,197.7448848841005,2023-07-04  10:20:00,2023-07-06  10:40:00
D05,PB000103,1,1,1e-10,14079098.93766799,negcon,s2,202,131.11053938067653,0.8165382711198712,207.54561105199448,2023-07-04  10:20:00,2023-07-06  10:40:00
D06,PB000089,2,1,4.0000000000000004e-11,1.0,negcon,s1,169,120.2909444672429,0.8515585662559624,190.85409871726424,2023-07-04  10:20:30,2023-07-06  10:40:00
D06,PB000089,2,1,4.0000000000000004e-11,1.0,negcon,s2,265,127.16974100126976,0.778720779711677,221.2635018048118,2023-07-04  10:20:30,2023-07-06  10:40:00
D07,PB000093,2,1,3.90625e-11,10.0,negcon,s1,188,131.68734139039196,0.7750835570373161,223.9299935777025,2023-07-04  10:21:30,2023-07-06  10:40:00
D07,PB000093,2,1,3.90625e-11,10.0,negcon,s2,218,129.86950051432103,0.7476548279520441,234.48942931525676,2023-07-04  10:21:30,2023-07-06  10:40:00
D08,PB000096,2,1,3.90625e-11,10.0,negcon,s1,169,119.78026192363052,0.7756562171879976,208.572588363694,2023-07-04  10:47:00,2023-07-06  12:49:00
D08,PB000096,2,1,3.90625e-11,10.0,negcon,s2,226,130.775360741641,0.8029217780635615,214.6736988248514,2023-07-04  10:47:00,2023-07-06  12:49:00
D09,PB000094,3,0,3.90625e-11,10.0,poscon,s1,80,115.26486045836626,0.8178899116452835,193.9717949940417,2023-07-04  10:46:30,2023-07-06  12:49:00
D09,PB000094,3,0,3.90625e-11,10.0,poscon,s2,82,110.34869897638458,0.7929210848019248,186.07541971398985,2023-07-04  10:46:30,2023-07-06  12:49:00
D10,PB000089,0,0,4e-10,10.0,poscon,s1,189,124.8726365098491,0.8183745026298929,201.92281473555184,2023-07-04  10:20:30,2023-07-06  10:40:00
D10,PB000089,0,0,4e-10,10.0,poscon,s2,264,127.29852821219478,0.8299269204706579,209.50790362919216,2023-07-04  10:20:30,2023-07-06  10:40:00
D11,PB000103,1,1,1e-10,14079098.93766799,negcon,s1,210,122.91287007997168,0.7486656132597415,210.62457310200605,2023-07-04  10:20:00,2023-07-06  10:40:00
D11,PB000103,1,1,1e-10,14079098.93766799,negcon,s2,241,128.1438181877201,0.8140382962705801,213.18635199535944,2023-07-04  10:20:00,2023-07-06  10:40:00
D12,PB000103,1,1,1e-10,14079098.93766799,negcon,s1,118,119.89827150947887,0.7587837227206765,202.52392935604055,2023-07-04  10:20:00,2023-07-06  10:40:00
D12,PB000103,1,1,1e-10,14079098.93766799,negcon,s2,129,133.30700922967367,0.828234685407576,218.49879874121163,2023-07-04  10:20:00,2023-07-06  10:40:00
D13,PB000090,3,0,4e-10,10.0,poscon,s1,65,83.7906682207094,0.7843990822094041,147.19737379387993,2023-07-04  10:45:30,2023-07-06  12:49:00
D13,PB000090,3,0,4e-10,10.0,poscon,s2,41,113.40337156955135,0.9086029304202936,171.54576008226593,2023-07-04  10:45:30,2023-07-06  12:49:00
D14,PB000089,1,1,1e-10,14079098.93766799,negcon,s1,142,118.57787130913808,0.8405580354955753,198.51978674795893,2023-07-04  10:20:30,2023-07-06  10:40:00
D14,PB000089,1,1,1e-10,14079098.93766799,negcon,s2,200,116.25042108468014,0.781916093395748,212.1104054286056,2023-07-04  10:20:30,2023-07-06  10:40:00
D15,PB000103,1,1,1e-10,14079098.93766799,negcon,s1,221,132.2153539037817,0.8342772655194621,218.51452426656303,2023-07-04  10:20:00,2023-07-06  10:40:00
D15,PB000103,1,1,1e-10,14079098.93766799,negcon,s2,259,128.96744667756573,0.7828616473250788,221.0476600436995,2023-07-04  10:20:00,2023-07-06  10:40:00
D16,PB000091,0,0,4e-10,10.0,poscon,s1,163,125.70220109866078,0.7725228127933572,208.7592568823631,2023-07-04  10:21:00,2023-07-06  10:40:00
D16,PB000091,0,0,4e-10,10.0,poscon,s2,240,134.21046604731487,0.7641859736605208,223.5166905581736,2023-07-04  10:21:00,2023-07-06  10:40:00
D17,PB000102,3,0,3.90625e-11,10.0,poscon,s1,208,120.61101528548144,0.7809165397643109,203.5174358179235,2023-07-04  10:48:30,2023-07-06  12:49:00
D17,PB000102,3,0,3.90625e-11,10.0,poscon,s2,217,128.81413283073994,0.8373193078963703,201.2038457634271,2023-07-04  10:48:30,2023-07-06  12:49:00
D18,PB000093,2,1,4.0000000000000004e-11,1.0,negcon,s1,91,101.08340240755903,0.7863128047395626,162.59189977722673,2023-07-04  10:21:30,2023-07-06  10:40:00
D18,PB000093,2,1,4.0000000000000004e-11,1.0,negcon,s2,168,114.2776576566377,0.8097923494256694,180.654241748593,2023-07-04  10:21:30,2023-07-06  10:40:00
D19,PB000095,1,1,1e-10,14079098.93766799,negcon,s1,168,124.60935353380384,0.7987692657297076,213.015263534148,2023-07-04  10:22:00,2023-07-06  10:40:00
D19,PB000095,1,1,1e-10,14079098.93766799,negcon,s2,181,123.9363904914732,0.7753914312216555,225.2279437954317,2023-07-04  10:22:00,2023-07-06  10:40:00
D20,PB000103,1,1,1e-10,14079098.93766799,negcon,s1,89,101.95724645239522,0.7694988513973338,175.49210263533274,2023-07-04  10:20:00,2023-07-06  10:40:00
D20,PB000103,1,1,1e-10,14079098.93766799,negcon,s2,140,128.41985007173042,0.8215278672243423,198.67787183244764,2023-07-04  10:20:00,2023-07-06  10:40:00
D21,PB000089,2,1,3.90625e-11,10.0,negcon,s1,159,120.44484622957556,0.7716288149087073,207.7588434418402,2023-07-04  10:20:30,2023-07-06  10:40:00
D21,PB000089,2,1,3.90625e-11,10.0,negcon,s2,150,123.49322747930628,0.7955882272308813,207.6048250884458,2023-07-04  10:20:30,2023-07-06  10:40:00
D22,PB000093,1,1,1e-10,14079098.93766799,negcon,s1,193,125.9248720514661,0.809038504043017,204.8656001479405,2023-07-04  10:21:30,2023-07-06  10:40:00
D22,PB000093,1,1,1e-10,14079098.93766799,negcon,s2,139,102.86216680405477,0.8140244559846165,174.92754178579364,2023-07-04  10:21:30,2023-07-06  10:40:00
D23,PB000094,1,1,1e-10,14079098.93766799,negcon,s1,135,112.63274949045253,0.806986733452398,192.33395424188964,2023-07-04  10:46:30,2023-07-06  12:49:00
D23,PB000094,1,1,1e-10,14079098.93766799,negcon,s2,292,128.24726161839754,0.7995144219883934,212.97155325670676,2023-07-04  10:46:30,2023-07-06  12:49:00
E02,PB000089,3,0,4.0000000000000004e-11,1.0,poscon,s1,185,117.9721089461156,0.7794968967330209,204.50053400640385,2023-07-04  10:20:30,2023-07-06  10:40:00
E02,PB000089,3,0,4.0000000000000004e-11,1.0,poscon,s2,253,111.48924601610284,0.7766073156166515,194.38131904803768,2023-07-04  10:20:30,2023-07-06  10:40:00
E03,PB000096,0,0,3.90625e-11,10.0,poscon,s1,21,15.09102719882696,0.7166225395619138,27.202390877355644,2023-07-04  10:47:00,2023-07-06  12:49:00
E03,PB000096,0,0,3.90625e-11,10.0,poscon,s2,20,58.41518532743942,0.7456995085619811,126.04184275138142,2023-07-04  10:47:00,2023-07-06  12:49:00
E04,PB000103,1,1,1e-10,14079098.93766799,negcon,s1,184,126.26537538601092,0.7796365436381081,216.24535836276965,2023-07-04  10:20:00,2023-07-06  10:40:00
E04,PB000103,1,1,1e-10,14079098.93766799,negcon,s2,183,128.730907113536,0.7989005799394838,212.83155693012563,2023-07-04  10:20:00,2023-07-06  10:40:00
E05,PB000093,1,1,1e-10,14079098.93766799,negcon,s1,224,121.9318845898015,0.7896711292667975,211.07777002471755,2023-07-04  10:21:30,2023-07-06  10:40:00
E05,PB000093,1,1,1e-10,14079098.93766799,negcon,s2,221,122.93424941019946,0.7924589971068912,207.18630451549043,2023-07-04  10:21:30,2023-07-06  10:40:00
E06,PB000103,1,1,1e-10,14079098.93766799,negcon,s1,257,116.84917057587728,0.7844949184342693,195.66924709422477,2023-07-04  10:20:00,2023-07-06  10:40:00
E06,PB000103,1,1,1e-10,14079098.93766799,negcon,s2,223,104.27598972348768,0.7571121879752457,190.55075988937224,2023-07-04  10:20:00,2023-07-06  10:40:00
E07,PB000090,0,0,4e-10,10.0,poscon,s1,229,114.36994045945734,0.7836882968923281,196.77853907804416,2023-07-04  10:45:30,2023-07-06  12:49:00
E07,PB000090,0,0,4e-10,10.0,poscon,s2,236,122.22760910709616,0.789478183652398,203.13135771419516,2023-07-04  10:45:30,2023-07-06  12:49:00
E08,PB000103,1,1,1e-10,14079098.93766799,negcon,s1,205,143.21295764278946,0.8320713532175182,235.55463103205724,2023-07-04  10:20:00,2023-07-06  10:40:00
E08,PB000103,1,1,1e-10,14079098.93766799,negcon,s2,179,118.26056349955827,0.7990573427430883,196.400760061258,2023-07-04  10:20:00,2023-07-06  10:40:00
E09,PB000095,2,1,4.0000000000000004e-11,1.0,negcon,s1,66,98.11046033915994,0.7570250848522697,185.375645452935,2023-07-04  10:22:00,2023-07-06  10:40:00
E09,PB000095,2,1,4.0000000000000004e-11,1.0,negcon,s2,82,105.07446426745378,0.7974843819290903,174.69189849497195,2023-07-04  10:22:00,2023-07-06  10:40:00
E10,PB000093,0,0,4.0000000000000004e-11,1.0,poscon,s1,51,16.028560600786115,0.8825925208944169,24.33193688757286,2023-07-04  10:21:30,2023-07-06  10:40:00
E10,PB000093,0,0,4.0000000000000004e-11,1.0,poscon,s2,52,10.24726062545792,0.7926347133563999,19.132031837315388,2023-07-04  10:21:30,2023-07-06  10:40:00
E11,PB000099,2,1,4.0000000000000004e-11,1.0,negcon,s1,217,129.86210291797605,0.8250439699180004,211.6245861838929,2023-07-04  10:23:00,2023-07-06  10:40:00
E11,PB000099,2,1,4.0000000000000004e-11,1.0,negcon,s2,202,122.20292240827158,0.7542012610195534,217.87529124326025,2023-07-04  10:23:00,2023-07-06  10:40:00
E12,PB000101,2,1,3.90625e-11,10.0,negcon,s1,74,99.72452358034442,0.8212712004573952,167.24656127186873,2023-07-04  10:23:30,2023-07-06  10:40:00
E12,PB000101,2,1,3.90625e-11,10.0,negcon,s2,94,98.94430272967608,0.7642377523140407,178.72609388423507,2023-07-04  10:23:30,2023-07-06  10:40:00
E13,PB000093,0,0,4e-10,10.0,poscon,s1,224,119.99955390609183,0.7903731297769283,207.79231187206767,2023-07-04  10:21:30,2023-07-06  10:40:00
E13,PB000093,0,0,4e-10,10.0,poscon,s2,206,114.79711105346824,0.7035987062054806,209.27294948827648,2023-07-04  10:21:30,2023-07-06  10:40:00
E14,PB000090,1,1,1e-10,14079098.93766799,negcon,s1,24,69.45530492685648,0.9452704112294216,120.4816136447928,2023-07-04  10:45:30,2023-07-06  12:49:00
E14,PB000090,1,1,1e-10,14079098.93766799,negcon,s2,34,97.1076296084524,0.8300830987454596,164.42208259894198,2023-07-04  10:45:30,2023-07-06  12:49:00
E15,PB000092,1,1,1e-10,14079098.93766799,negcon,s1,267,133.422780355832,0.818754149999359,217.42096166929983,2023-07-04  10:46:00,2023-07-06  12:49:00
E15,PB000092,1,1,1e-10,14079098.93766799,negcon,s2,298,134.65011994793474,0.8086031902526203,217.2130301213154,2023-07-04  10:46:00,2023-07-06  12:49:00
E16,PB000103,1,1,1e-10,14079098.93766799,negcon,s1,219,136.6068493383235,0.8171223596731645,227.4416442648682,2023-07-04  10:20:00,2023-07-06  10:40:00
E16,PB000103,1,1,1e-10,14079098.93766799,negcon,s2,240,132.13875849546463,0.7925880795449912,218.7542907958388,2023-07-04  10:20:00,2023-07-06  10:40:00
E17,PB000101,1,1,1e-10,14079098.93766799,negcon,s1,190,128.81659992710675,0.7749166828660974,217.19963302922395,2023-07-04  10:23:30,2023-07-06  10:40:00
E17,PB000101,1,1,1e-10,14079098.93766799,negcon,s2,102,113.2481090766982,0.8457240004295289,194.0938521365284,2023-07-04  10:23:30,2023-07-06  10:40:00
E18,PB000089,1,1,1e-10,14079098.93766799,negcon,s1,161,117.74157854553414,0.8110419632140763,198.6436604996289,2023-07-04  10:20:30,2023-07-06  10:40:00
E18,PB000089,1,1,1e-10,14079098.93766799,negcon,s2,274,111.0987576929922,0.8055618679579529,188.34662201426704,2023-07-04  10:20:30,2023-07-06  10:40:00
E19,PB000091,3,0,4e-10,10.0,poscon,s1,84,10.634619832604344,0.8173992335124567,19.89157694222154,2023-07-04  10:21:00,2023-07-06  10:40:00
E19,PB000091,3,0,4e-10,10.0,poscon,s2,69,16.57108572050406,0.8382174366325381,23.9673746265128,2023-07-04  10:21:00,2023-07-06  10:40:00
E20,PB000094,1,1,1e-10,14079098.93766799,negcon,s1,164,121.6069127184756,0.8429047462517703,202.67951754644963,2023-07-04  10:46:30,2023-07-06  12:49:00
E20,PB000094,1,1,1e-10,14079098.93766799,negcon,s2,235,127.39988297508228,0.7547827223872675,219.1371099186996,2023-07-04  10:46:30,2023-07-06  12:49:00
E21,PB000091,1,1,1e-10,14079098.93766799,negcon,s1,150,125.62886651920869,0.8340107984897969,201.86445761117835,2023-07-04  10:21:00,2023-07-06  10:40:00
E21,PB000091,1,1,1e-10,14079098.93766799,negcon,s2,175,116.68942196124064,0.8075310798427969,194.97915506082376,2023-07-04  10:21:00,2023-07-06  10:40:00
E22,PB000094,3,0,4.0000000000000004e-11,1.0,poscon,s1,175,121.72149723949173,0.7615726003771041,218.6724386364445,2023-07-04  10:46:30,2023-07-06  12:49:00
E22,PB000094,3,0,4.0000000000000004e-11,1.0,poscon,s2,236,124.67982737175512,0.8019230298672618,209.74590256138737,2023-07-04  10:46:30,2023-07-06  12:49:00
E23,PB000096,1,1,1e-10,14079098.93766799,negcon,s1,255,128.50542671242488,0.8734782181205094,209.9070267358427,2023-07-04  10:47:00,2023-07-06  12:49:00
E23,PB000096,1,1,1e-10,14079098.93766799,negcon,s2,306,118.85800174601528,0.8226497911640157,202.78784627147803,2023-07-04  10:47:00,2023-07-06  12:49:00
F02,PB000091,1,1,1e-10,14079098.93766799,negcon,s1,159,104.65846361661931,0.7948821831561333,191.1204656654396,2023-07-04  10:21:00,2023-07-06  10:40:00
F02,PB000091,1,1,1e-10,14079098.93766799,negcon,s2,219,150.7315587753105,0.8510357989560862,236.43564720878263,2023-07-04  10:21:00,2023-07-06  10:40:00
F03,PB000089,1,1,1e-10,14079098.93766799,negcon,s1,231,127.075215285274,0.8147123539272768,197.02678018072749,2023-07-04  10:20:30,2023-07-06  10:40:00
F03,PB000089,1,1,1e-10,14079098.93766799,negcon,s2,207,107.71013085815495,0.825222074723587,174.73570556216134,2023-07-04  10:20:30,2023-07-06  10:40:00
F04,PB000102,0,0,4.0000000000000004e-11,1.0,poscon,s1,226,139.46385233312964,0.8416857997013167,219.93295048246512,2023-07-04  10:48:30,2023-07-06  12:49:00
F04,PB000102,0,0,4.0000000000000004e-11,1.0,poscon,s2,280,123.65153181874228,0.8052179682215099,209.39723886326607,2023-07-04  10:48:30,2023-07-06  12:49:00
F05,PB000089,1,1,1e-10,14079098.93766799,negcon,s1,256,141.60462214588793,0.8113086749735361,226.41604128493523,2023-07-04  10:20:30,2023-07-06  10:40:00
F05,PB000089,1,1,1e-10,14079098.93766799,negcon,s2,177,123.92304755810378,0.783927244144014,200.53693383890072,2023-07-04  10:20:30,2023-07-06  10:40:00
F06,PB000095,0,0,4.0000000000000004e-11,1.0,poscon,s1,213,123.82050888581637,0.7927631035649655,205.2924268004723,2023-07-04  10:22:00,2023-07-06  10:40:00
F06,PB000095,0,0,4.0000000000000004e-11,1.0,poscon,s2,286,121.26705519378754,0.7949814591657567,210.21218438170968,2023-07-04  10:22:00,2023-07-06  10:40:00
F07,PB000094,1,1,1e-10,14079098.93766799,negcon,s1,44,21.952930166444347,0.7683615712166976,44.05390932676018,2023-07-04  10:46:30,2023-07-06  12:49:00
F07,PB000094,1,1,1e-10,14079098.93766799,negcon,s2,48,13.712823734209737,0.8107507822562712,24.57111153301124,2023-07-04  10:46:30,2023-07-06  12:49:00
F08,PB000103,1,1,1e-10,14079098.93766799,negcon,s1,140,130.6495166606899,0.799950907604865,214.0921480611714,2023-07-04  10:20:00,2023-07-06  10:40:00
F08,PB000103,1,1,1e-10,14079098.93766799,negcon,s2,200,123.07428771832352,0.8045669645919018,207.67539739057264,2023-07-04  10:20:00,2023-07-06  10:40:00
F09,PB000092,1,1,1e-10,14079098.93766799,negcon,s1,220,133.04320195410548,0.8151529511870825,225.50933211455504,2023-07-04  10:46:00,2023-07-06  12:49:00
F09,PB000092,1,1,1e-10,14079098.93766799,negcon,s2,241,133.03167530416977,0.7948886146875597,229.21588417268748,2023-07-04  10:46:00,2023-07-06  12:49:00
F10,PB000103,1,1,1e-10,14079098.93766799,negcon,s1,236,133.50770949389383,0.8049065484236833,216.4671853781178,2023-07-04  10:20:00,2023-07-06  10:40:00
F10,PB000103,1,1,1e-10,14079098.93766799,negcon,s2,279,138.7377520789321,0.7951473180016557,229.8995369360188,2023-07-04  10:20:00,2023-07-06  10:40:00
F11,PB000090,1,1,1e-10,14079098.93766799,negcon,s1,151,117.5469951423027,0.8144029831128143,194.17293941063343,2023-07-04  10:45:30,2023-07-06  12:49:00
F11,PB000090,1,1,1e-10,14079098.93766799,negcon,s2,198,135.05420314890864,0.8095684353717052,212.5057971328002,2023-07-04  10:45:30,2023-07-06  12:49:00
F12,PB000092,1,1,1e-10,14079098.93766799,negcon,s1,209,123.84467367047684,0.776777614806049,216.84854581008085,2023-07-04  10:46:00,2023-07-06  12:49:00
F12,PB000092,1,1,1e-10,14079098.93766799,negcon,s2,224,127.29108238067306,0.8212601297180524,205.1161101413928,2023-07-04  10:46:00,2023-07-06  12:49:00
F13,PB000091,1,1,1e-10,14079098.93766799,negcon,s1,34,17.20432407325214,0.7568041674158592,34.811114074496075,2023-07-04  10:21:00,2023-07-06  10:40:00
F13,PB000091,1,1,1e-10,14079098.93766799,negcon,s2,23,89.06375997356137,0.849478121934664,156.6413105120649,2023-07-04  10:21:00,2023-07-06  10:40:00
F14,PB000103,1,1,1e-10,14079098.93766799,negcon,s1,181,142.11953014054922,0.7935570997922882,242.2206584003981,2023-07-04  10:20:00,2023-07-06  10:40:00
F14,PB000103,1,1,1e-10,14079098.93766799,negcon,s2,146,144.91666514226378,0.8370847290040894,236.318835124144,2023-07-04  10:20:00,2023-07-06  10:40:00
F15,PB000094,2,1,3.90625e-11,10.0,negcon,s1,250,134.12442112384548,0.842899301901356,212.44743453107836,2023-07-04  10:46:30,2023-07-06  12:49:00
F15,PB000094,2,1,3.90625e-11,10.0,negcon,s2,288,128.11166480140665,0.7772807203434084,215.3873766688655,2023-07-04  10:46:30,2023-07-06  12:49:00
F16,PB000089,0,0,4.0000000000000004e-11,1.0,poscon,s1,191,123.51563338468164,0.7851417727466538,199.64356110240135,2023-07-04  10:20:30,2023-07-06  10:40:00
F16,PB000089,0,0,4.0000000000000004e-11,1.0,poscon,s2,218,134.7458897918142,0.8015612160542567,216.19505707999605,2023-07-04  10:20:30,2023-07-06  10:40:00
F17,PB000103,1,1,1e-10,14079098.93766799,negcon,s1,197,134.71870472850756,0.7685601492073636,230.23587901060225,2023-07-04  10:20:00,2023-07-06  10:40:00
F17,PB000103,1,1,1e-10,14079098.93766799,negcon,s2,184,147.59761928847672,0.7779229689929328,239.62105867070076,2023-07-04  10:20:00,2023-07-06  10:40:00
F18,PB000092,0,0,4e-10,10.0,poscon,s1,252,127.99102892924908,0.7980855232556774,210.05590737788253,2023-07-04  10:46:00,2023-07-06  12:49:00
F18,PB000092,0,0,4e-10,10.0,poscon,s2,230,124.66180759798632,0.7587392084884663,207.3835208020948,2023-07-04  10:46:00,2023-07-06  12:49:00
F19,PB000095,3,0,3.90625e-11,10.0,poscon,s1,241,118.1224622478642,0.777446064366992,199.6444351792464,2023-07-04  10:22:00,2023-07-06  10:40:00
F19,PB000095,3,0,3.90625e-11,10.0,poscon,s2,278,126.00444437053248,0.8031327055759223,204.3787086130576,2023-07-04  10:22:00,2023-07-06  10:40:00
F20,PB000103,1,1,1e-10,14079098.93766799,negcon,s1,280,129.6770160380673,0.797295769021175,213.11778110757515,2023-07-04  10:20:00,2023-07-06  10:40:00
F20,PB000103,1,1,1e-10,14079098.93766799,negcon,s2,211,120.22253642351296,0.8421282813135555,200.0683642522347,2023-07-04  10:20:00,2023-07-06  10:40:00
F21,PB000093,1,1,1e-10,14079098.93766799,negcon,s1,213,121.46875597775124,0.7631277947970194,210.2447634325683,2023-07-04  10:21:30,2023-07-06  10:40:00
F21,PB000093,1,1,1e-10,14079098.93766799,negcon,s2,214,129.91934862312763,0.8016216841829954,212.1270614908803,2023-07-04  10:21:30,2023-07-06  10:40:00
F22,PB000091,3,0,4.0000000000000004e-11,1.0,poscon,s1,271,128.11229269024085,0.8276113866889229,213.0857056191041,2023-07-04  10:21:00,2023-07-06  10:40:00
F22,PB000091,3,0,4.0000000000000004e-11,1.0,poscon,s2,310,128.9398761604976,0.7947348141363225,211.19135760448836,2023-07-04  10:21:00,2023-07-06  10:40:00
F23,PB000094,2,1,4e-10,10.0,negcon,s1,169,113.54953982349024,0.7810963374370627,192.6346465081719,2023-07-04  10:46:30,2023-07-06  12:49:00
F23,PB000094,2,1,4e-10,10.0,negcon,s2,145,130.79194170655737,0.7685654470053183,221.2682608505388,2023-07-04  10:46:30,2023-07-06  12:49:00
G02,PB000090,1,1,1e-10,14079098.93766799,negcon,s1,255,122.52340453920972,0.8294261528571977,198.66454771225924,2023-07-04  10:45:30,2023-07-06  12:49:00
G02,PB000090,1,1,1e-10,14079098.93766799,negcon,s2,157,119.55108759015673,0.7543259666605865,223.31383127365848,2023-07-04  10:45:30,2023-07-06  12:49:00
G03,PB000092,1,1,1e-10,14079098.93766799,negcon,s1,128,112.92314188204996,0.7712160165922112,185.49436621057276,2023-07-04  10:46:00,2023-07-06  12:49:00
G03,PB000092,1,1,1e-10,14079098.93766799,negcon,s2,232,137.58393654661984,0.7962720345024172,232.93013251936327,2023-07-04  10:46:00,2023-07-06  12:49:00
G04,PB000090,2,1,4e-10,10.0,negcon,s1,227,119.1742432197694,0.7835825297414696,196.80916840228392,2023-07-04  10:45:30,2023-07-06  12:49:00
G04,PB000090,2,1,4e-10,10.0,negcon,s2,252,129.66751753301514,0.8064939858427371,206.244990764229,2023-07-04  10:45:30,2023-07-06  12:49:00
G05,PB000097,1,1,1e-10,14079098.93766799,negcon,s1,201,124.6466775873909,0.8085075734183796,199.26046615006877,2023-07-04  10:22:30,2023-07-06  10:40:00
G05,PB000097,1,1,1e-10,14079098.93766799,negcon,s2,240,128.89201791768284,0.8164229543049712,217.430192040488,2023-07-04  10:22:30,2023-07-06  10:40:00
G06,PB000093,1,1,1e-10,14079098.93766799,negcon,s1,228,126.66440705096636,0.7622413763626179,220.91288662082405,2023-07-04  10:21:30,2023-07-06  10:40:00
G07,PB000095,1,1,1e-10,14079098.93766799,negcon,s1,210,143.56579888310176,0.8416660412396576,237.58324500945344,2023-07-04  10:22:00,2023-07-06  10:40:00
G07,PB000095,1,1,1e-10,14079098.93766799,negcon,s2,159,138.82553259886905,0.8214067040741987,216.58458804472164,2023-07-04  10:22:00,2023-07-06  10:40:00
G08,PB000091,1,1,1e-10,14079098.93766799,negcon,s1,215,139.71861053111087,0.7827232264217546,230.21902670372685,2023-07-04  10:21:00,2023-07-06  10:40:00
G08,PB000091,1,1,1e-10,14079098.93766799,negcon,s2,206,137.03926895352637,0.8118230159201736,218.10236659837125,2023-07-04  10:21:00,2023-07-06  10:40:00
G09,PB000101,1,1,1e-10,14079098.93766799,negcon,s1,89,100.45334147989468,0.8166311211534723,155.0637554901696,2023-07-04  10:23:30,2023-07-06  10:40:00
G09,PB000101,1,1,1e-10,14079098.93766799,negcon,s2,57,85.50266352354623,0.7849333814065858,153.98667586225636,2023-07-04  10:23:30,2023-07-06  10:40:00
G10,PB000093,1,1,1e-10,14079098.93766799,negcon,s1,238,134.81203297588826,0.8295964412162005,210.5645263718125,2023-07-04  10:21:30,2023-07-06  10:40:00
G10,PB000093,1,1,1e-10,14079098.93766799,negcon,s2,199,128.53075441798214,0.7537974198012731,220.26261897767975,2023-07-04  10:21:30,2023-07-06  10:40:00
G11,PB000103,1,1,1e-10,14079098.93766799,negcon,s1,256,119.98531202269967,0.7825139697870916,207.6419758855061,2023-07-04  10:20:00,2023-07-06  10:40:00
G11,PB000103,1,1,1e-10,14079098.93766799,negcon,s2,151,113.5998628734859,0.748551671753637,201.0563332373084,2023-07-04  10:20:00,2023-07-06  10:40:00
G12,PB000089,1,1,1e-10,14079098.93766799,negcon,s1,79,146.6890841782669,0.7625610217556239,284.9832773176997,2023-07-04  10:20:30,2023-07-06  10:40:00
G12,PB000089,1,1,1e-10,14079098.93766799,negcon,s2,46,130.0344964731239,0.8385219453803098,230.6562888276049,2023-07-04  10:20:30,2023-07-06  10:40:00
G13,PB000103,1,1,1e-10,14079098.93766799,negcon,s1,147,110.06831113274792,0.7791696852229412,187.1847091173876,2023-07-04  10:20:00,2023-07-06  10:40:00
G13,PB000103,1,1,1e-10,14079098.93766799,negcon,s2,156,113.95309541989924,0.7498157003735688,196.962231333849,2023-07-04  10:20:00,2023-07-06  10:40:00
G14,PB000092,1,1,1e-10,14079098.93766799,negcon,s1,285,127.38782296022754,0.875235334659619,204.0247836364903,2023-07-04  10:46:00,2023-07-06  12:49:00
G14,PB000092,1,1,1e-10,14079098.93766799,negcon,s2,261,131.8762947739751,0.8275340987605508,214.0696060952428,2023-07-04  10:46:00,2023-07-06  12:49:00
G15,PB000089,1,1,1e-10,14079098.93766799,negcon,s1,75,106.6755154790177,0.8448124258180287,176.3857316704077,2023-07-04  10:20:30,2023-07-06  10:40:00
G15,PB000089,1,1,1e-10,14079098.93766799,negcon,s2,73,116.24489275824806,0.7886346152142233,194.8305543826879,2023-07-04  10:20:30,2023-07-06  10:40:00
G16,PB000098,2,1,4e-10,10.0,negcon,s1,167,128.86216159558944,0.8459529082598154,230.63696856245983,2023-07-04  10:47:30,2023-07-06  12:49:00
G16,PB000098,2,1,4e-10,10.0,negcon,s2,288,127.3890775654928,0.810925203754178,215.99783323123097,2023-07-04  10:47:30,2023-07-06  12:49:00
G17,PB000091,0,0,3.90625e-11,10.0,poscon,s1,41,58.967163302165616,0.7498495426221685,112.42871058047628,2023-07-04  10:21:00,2023-07-06  10:40:00
G17,PB000091,0,0,3.90625e-11,10.0,poscon,s2,47,53.14027644822389,0.7362522719181052,145.89352140525804,2023-07-04  10:21:00,2023-07-06  10:40:00
G18,PB000094,1,1,1e-10,14079098.93766799,negcon,s1,186,134.21468896778646,0.7873828423186184,217.2340187844299,2023-07-04  10:46:30,2023-07-06  12:49:00
G18,PB000094,1,1,1e-10,14079098.93766799,negcon,s2,237,130.68112280002512,0.7854892622165325,209.61206447533877,2023-07-04  10:46:30,2023-07-06  12:49:00
G19,PB000103,1,1,1e-10,14079098.93766799,negcon,s1,284,118.86229259344051,0.827609406808815,196.3358627445615,2023-07-04  10:20:00,2023-07-06  10:40:00
G19,PB000103,1,1,1e-10,14079098.93766799,negcon,s2,249,112.63356859613565,0.8017513347743946,192.87988127462333,2023-07-04  10:20:00,2023-07-06  10:40:00
G20,PB000091,1,1,1e-10,14079098.93766799,negcon,s1,173,113.51405809974425,0.7582110231438702,198.7610131023309,2023-07-04  10:21:00,2023-07-06  10:40:00
G20,PB000091,1,1,1e-10,14079098.93766799,negcon,s2,256,135.26886985431156,0.8344334055903757,208.40901610013933,2023-07-04  10:21:00,2023-07-06  10:40:00
G21,PB000103,1,1,1e-10,14079098.93766799,negcon,s1,48,72.21412529308921,0.8629984505528574,117.95590269961644,2023-07-04  10:20:00,2023-07-06  10:40:00
G21,PB000103,1,1,1e-10,14079098.93766799,negcon,s2,69,16.75026006435644,0.9013137709907694,26.983370941047653,2023-07-04  10:20:00,2023-07-06  10:40:00
G22,PB000090,1,1,1e-10,14079098.93766799,negcon,s1,38,43.1826477413136,0.840239805024265,74.73655783008368,2023-07-04  10:45:30,2023-07-06  12:49:00
G22,PB000090,1,1,1e-10,14079098.93766799,negcon,s2,63,111.07305746856612,0.7435681691291588,209.750517369558,2023-07-04  10:45:30,2023-07-06  12:49:00
G23,PB000099,1,1,1e-10,14079098.93766799,negcon,s1,334,122.0359282936285,0.8033444143726279,192.04779825598845,2023-07-04  10:23:00,2023-07-06  10:40:00
G23,PB000099,1,1,1e-10,14079098.93766799,negcon,s2,351,111.12388484943187,0.778433080955284,188.77998922365933,2023-07-04  10:23:00,2023-07-06  10:40:00
H02,PB000094,1,1,1e-10,14079098.93766799,negcon,s1,261,118.311187236165,0.8485114196209238,193.42668097861483,2023-07-04  10:46:30,2023-07-06  12:49:00
H02,PB000094,1,1,1e-10,14079098.93766799,negcon,s2,252,117.4012077075187,0.7883010917454534,191.0136042442513,2023-07-04  10:46:30,2023-07-06  12:49:00
H03,PB000091,1,1,1e-10,14079098.93766799,negcon,s1,214,137.1969220124189,0.7732837182054835,238.57595113655623,2023-07-04  10:21:00,2023-07-06  10:40:00
H03,PB000091,1,1,1e-10,14079098.93766799,negcon,s2,258,125.3809324198858,0.7696234516635034,213.58895262083695,2023-07-04  10:21:00,2023-07-06  10:40:00
H04,PB000101,1,1,1e-10,14079098.93766799,negcon,s1,216,114.39985777741478,0.7612035826412982,208.4246461357855,2023-07-04  10:23:30,2023-07-06  10:40:00
H04,PB000101,1,1,1e-10,14079098.93766799,negcon,s2,188,133.55607462021248,0.8189447347893125,216.6977250748867,2023-07-04  10:23:30,2023-07-06  10:40:00
H05,PB000091,1,1,1e-10,14079098.93766799,negcon,s1,163,126.14965105295678,0.7764288754399348,216.43640798499567,2023-07-04  10:21:00,2023-07-06  10:40:00
H05,PB000091,1,1,1e-10,14079098.93766799,negcon,s2,235,128.46254577548348,0.7657049884422342,225.8521194048004,2023-07-04  10:21:00,2023-07-06  10:40:00
H06,PB000098,1,1,1e-10,14079098.93766799,negcon,s1,296,128.50323724975914,0.7781544353273652,213.65244957378508,2023-07-04  10:47:30,2023-07-06  12:49:00
H06,PB000098,1,1,1e-10,14079098.93766799,negcon,s2,211,125.89325076719524,0.7833213069068042,219.35663520139923,2023-07-04  10:47:30,2023-07-06  12:49:00
H07,PB000089,1,1,1e-10,14079098.93766799,negcon,s1,286,128.21472149225113,0.8128473979628922,217.5850196592615,2023-07-04  10:20:30,2023-07-06  10:40:00
H07,PB000089,1,1,1e-10,14079098.93766799,negcon,s2,242,133.88791513937315,0.7936186717803574,214.34827130473923,2023-07-04  10:20:30,2023-07-06  10:40:00
H08,PB000092,1,1,1e-10,14079098.93766799,negcon,s1,256,133.77559872832666,0.7948505841271016,215.15014079435,2023-07-04  10:46:00,2023-07-06  12:49:00
H08,PB000092,1,1,1e-10,14079098.93766799,negcon,s2,262,127.91645267748262,0.8197902474538247,207.5700802153601,2023-07-04  10:46:00,2023-07-06  12:49:00
H09,PB000089,1,1,1e-10,14079098.93766799,negcon,s1,318,125.80748543725208,0.7919719600747405,200.90378116499232,2023-07-04  10:20:30,2023-07-06  10:40:00
H09,PB000089,1,1,1e-10,14079098.93766799,negcon,s2,241,135.05164885539355,0.8441932366158488,205.5660101832096,2023-07-04  10:20:30,2023-07-06  10:40:00
H10,PB000095,1,1,1e-10,14079098.93766799,negcon,s1,244,131.63911953307007,0.8253778396733863,214.82175485779453,2023-07-04  10:22:00,2023-07-06  10:40:00
H10,PB000095,1,1,1e-10,14079098.93766799,negcon,s2,247,138.65120364757135,0.8268024692291392,227.1876431659879,2023-07-04  10:22:00,2023-07-06  10:40:00
H11,PB000092,1,1,1e-10,14079098.93766799,negcon,s1,286,131.62807946811728,0.7560629545115728,222.29712330419545,2023-07-04  10:46:00,2023-07-06  12:49:00
H11,PB000092,1,1,1e-10,14079098.93766799,negcon,s2,250,128.9755618303015,0.8322167528815776,210.07968958994007,2023-07-04  10:46:00,2023-07-06  12:49:00
H12,PB000093,3,0,3.90625e-11,10.0,poscon,s1,234,138.07938758251424,0.8178106693129512,224.7920793320544,2023-07-04  10:21:30,2023-07-06  10:40:00
H12,PB000093,3,0,3.90625e-11,10.0,poscon,s2,288,123.77269434561032,0.7856644382638562,207.09403358819657,2023-07-04  10:21:30,2023-07-06  10:40:00
H13,PB000094,2,1,4.0000000000000004e-11,1.0,negcon,s1,212,130.06547961597477,0.8161513106964862,214.46867126169604,2023-07-04  10:46:30,2023-07-06  12:49:00
H13,PB000094,2,1,4.0000000000000004e-11,1.0,negcon,s2,196,125.5595383331064,0.7649753020286973,213.9749923178702,2023-07-04  10:46:30,2023-07-06  12:49:00
H14,PB000093,1,1,1e-10,14079098.93766799,negcon,s1,273,129.2703999313569,0.809469197429618,215.35334222531225,2023-07-04  10:21:30,2023-07-06  10:40:00
H14,PB000093,1,1,1e-10,14079098.93766799,negcon,s2,221,125.18414849069228,0.8213698438675606,215.94977012707392,2023-07-04  10:21:30,2023-07-06  10:40:00
H15,PB000097,1,1,1e-10,14079098.93766799,negcon,s1,272,134.68560629310818,0.8053157498125101,225.1040022552615,2023-07-04  10:22:30,2023-07-06  10:40:00
H15,PB000097,1,1,1e-10,14079098.93766799,negcon,s2,243,129.23470145418963,0.8154621578290261,228.52912178271123,2023-07-04  10:22:30,2023-07-06  10:40:00
H16,PB000092,0,0,4.0000000000000004e-11,1.0,poscon,s1,187,100.49558652585011,0.7543930743351568,179.59252243033603,2023-07-04  10:46:00,2023-07-06  12:49:00
H16,PB000092,0,0,4.0000000000000004e-11,1.0,poscon,s2,263,124.1165822855257,0.8204839417815177,200.6932652610198,2023-07-04  10:46:00,2023-07-06  12:49:00
H17,PB000096,3,0,3.90625e-11,10.0,poscon,s1,44,59.32364067466041,0.789058068838935,111.82709554860612,2023-07-04  10:47:00,2023-07-06  12:49:00
H17,PB000096,3,0,3.90625e-11,10.0,poscon,s2,34,65.75402121451674,0.7482045281042691,100.390825421452,2023-07-04  10:47:00,2023-07-06  12:49:00
H18,PB000091,2,1,4e-10,10.0,negcon,s1,322,127.2956668510067,0.8043031608676458,210.25550468162533,2023-07-04  10:21:00,2023-07-06  10:40:00
H18,PB000091,2,1,4e-10,10.0,negcon,s2,286,136.62434106711302,0.8275896467410031,218.1878384007908,2023-07-04  10:21:00,2023-07-06  10:40:00
H19,PB000089,3,0,3.90625e-11,10.0,poscon,s1,236,125.37596485424154,0.792587289252275,207.77695295075955,2023-07-04  10:20:30,2023-07-06  10:40:00
H19,PB000089,3,0,3.90625e-11,10.0,poscon,s2,259,138.0234619527837,0.8350687780245507,220.9172321945552,2023-07-04  10:20:30,2023-07-06  10:40:00
H20,PB000095,3,0,4e-10,10.0,poscon,s1,238,135.43337079812656,0.8127428472251276,229.660986263628,2023-07-04  10:22:00,2023-07-06  10:40:00
H20,PB000095,3,0,4e-10,10.0,poscon,s2,203,128.90148503565337,0.8004327890207006,211.68769497336223,2023-07-04  10:22:00,2023-07-06  10:40:00
H21,PB000097,3,0,4.0000000000000004e-11,1.0,poscon,s1,234,118.83033375502444,0.771351099930723,204.71780556910528,2023-07-04  10:22:30,2023-07-06  10:40:00
H21,PB000097,3,0,4.0000000000000004e-11,1.0,poscon,s2,178,123.09696056294744,0.7431738661567304,205.75367008754336,2023-07-04  10:22:30,2023-07-06  10:40:00
H22,PB000103,1,1,1e-10,14079098.93766799,negcon,s1,80,94.71795025332852,0.7957985921516088,169.08458962569745,2023-07-04  10:20:00,2023-07-06  10:40:00
H22,PB000103,1,1,1e-10,14079098.93766799,negcon,s2,70,98.47318514664768,0.7639596281299634,167.08240342208987,2023-07-04  10:20:00,2023-07-06  10:40:00
H23,PB000100,0,0,3.90625e-11,10.0,poscon,s1,344,122.83285865363428,0.7826363640505118,204.8543874627209,2023-07-04  10:48:00,2023-07-06  12:49:00
H23,PB000100,0,0,3.90625e-11,10.0,poscon,s2,354,121.5984238216555,0.7813366185323207,206.63696209127636,2023-07-04  10:48:00,2023-07-06  12:49:00
I02,PB000103,1,1,1e-10,14079098.93766799,negcon,s1,234,125.4661973540905,0.7498151008303986,220.13055792429932,2023-07-04  10:20:00,2023-07-06  10:40:00
I02,PB000103,1,1,1e-10,14079098.93766799,negcon,s2,202,123.25444561526476,0.7603071592637378,214.49986317384844,2023-07-04  10:20:00,2023-07-06  10:40:00
I03,PB000092,0,0,4.0000000000000004e-11,1.0,poscon,s1,29,25.721090119413685,0.8511383628162851,47.9799710890725,2023-07-04  10:46:00,2023-07-06  12:49:00
I03,PB000092,0,0,4.0000000000000004e-11,1.0,poscon,s2,31,39.13874197801767,0.7285303137594399,60.051587730810944,2023-07-04  10:46:00,2023-07-06  12:49:00
I04,PB000090,1,1,1e-10,14079098.93766799,negcon,s1,36,107.91098172689198,0.8612668183533551,209.04156483648387,2023-07-04  10:45:30,2023-07-06  12:49:00
I04,PB000090,1,1,1e-10,14079098.93766799,negcon,s2,27,23.09866783952229,0.7986546133005702,32.204110576430445,2023-07-04  10:45:30,2023-07-06  12:49:00
I05,PB000094,2,1,4.0000000000000004e-11,1.0,negcon,s1,224,127.45958906985594,0.8103666062731938,210.06267175227475,2023-07-04  10:46:30,2023-07-06  12:49:00
I05,PB000094,2,1,4.0000000000000004e-11,1.0,negcon,s2,126,122.8041216852591,0.8155926542759047,195.13152295433568,2023-07-04  10:46:30,2023-07-06  12:49:00
I06,PB000091,0,0,4e-10,10.0,poscon,s1,182,133.38767186051936,0.8453555642405117,209.1514285190435,2023-07-04  10:21:00,2023-07-06  10:40:00
I06,PB000091,0,0,4e-10,10.0,poscon,s2,161,127.50626886243305,0.8564967076755788,209.75657496843004,2023-07-04  10:21:00,2023-07-06  10:40:00
I07,PB000103,1,1,1e-10,14079098.93766799,negcon,s1,38,48.27499295793559,0.6894877925586416,119.44107489931892,2023-07-04  10:20:00,2023-07-06  10:40:00
I07,PB000103,1,1,1e-10,14079098.93766799,negcon,s2,51,59.97401781288007,0.8743747876673429,110.78522463792324,2023-07-04  10:20:00,2023-07-06  10:40:00
I08,PB000089,3,0,3.90625e-11,10.0,poscon,s1,194,128.5135447884523,0.8081293573022663,209.03049498368128,2023-07-04  10:20:30,2023-07-06  10:40:00
I08,PB000089,3,0,3.90625e-11,10.0,poscon,s2,247,127.9733192583322,0.75698326332959,219.65583954256587,2023-07-04  10:20:30,2023-07-06  10:40:00
I09,PB000101,0,0,4.0000000000000004e-11,1.0,poscon,s1,232,129.31127926100265,0.7932752293543854,213.88917463907316,2023-07-04  10:23:30,2023-07-06  10:40:00
I09,PB000101,0,0,4.0000000000000004e-11,1.0,poscon,s2,242,126.5446107429531,0.7960854837008036,217.80851254112147,2023-07-04  10:23:30,2023-07-06  10:40:00
I10,PB000091,1,1,1e-10,14079098.93766799,negcon,s1,172,123.1037217099212,0.7702188342097847,212.5837634329973,2023-07-04  10:21:00,2023-07-06  10:40:00
I10,PB000091,1,1,1e-10,14079098.93766799,negcon,s2,150,130.21961813540662,0.7971840247285651,216.0345279414271,2023-07-04  10:21:00,2023-07-06  10:40:00
I11,PB000089,1,1,1e-10,14079098.93766799,negcon,s1,267,121.59521734111088,0.796043714850304,210.3833868063541,2023-07-04  10:20:30,2023-07-06  10:40:00
I11,PB000089,1,1,1e-10,14079098.93766799,negcon,s2,270,138.1366103486436,0.8023268634617264,225.4786688353131,2023-07-04  10:20:30,2023-07-06  10:40:00
I12,PB000095,3,0,3.90625e-11,10.0,poscon,s1,269,121.4163332775665,0.7562285390907583,214.13310263441812,2023-07-04  10:22:00,2023-07-06  10:40:00
I12,PB000095,3,0,3.90625e-11,10.0,poscon,s2,259,119.0553626959222,0.7680109365578591,215.94486078339773,2023-07-04  10:22:00,2023-07-06  10:40:00
I13,PB000101,1,1,1e-10,14079098.93766799,negcon,s1,252,121.42410440231552,0.7800584038054389,213.7100948694291,2023-07-04  10:23:30,2023-07-06  10:40:00
I13,PB000101,1,1,1e-10,14079098.93766799,negcon,s2,248,120.47495604724485,0.77457116928929,212.08452508951396,2023-07-04  10:23:30,2023-07-06  10:40:00
I14,PB000103,1,1,1e-10,14079098.93766799,negcon,s1,186,108.48471226449334,0.7531643565257979,193.73267216775517,2023-07-04  10:20:00,2023-07-06  10:40:00
I14,PB000103,1,1,1e-10,14079098.93766799,negcon,s2,311,118.51908925712604,0.8375257234118068,183.5933421007472,2023-07-04  10:20:00,2023-07-06  10:40:00
I15,PB000100,3,0,4.0000000000000004e-11,1.0,poscon,s1,251,127.99150114179446,0.8208155219084562,213.21616680041987,2023-07-04  10:48:00,2023-07-06  12:49:00
I15,PB000100,3,0,4.0000000000000004e-11,1.0,poscon,s2,293,129.06449154377407,0.787577352554474,210.3865419581145,2023-07-04  10:48:00,2023-07-06  12:49:00
I16,PB000090,0,0,4e-10,10.0,poscon,s1,37,47.939949490094,0.8038041176394405,91.65166136689746,2023-07-04  10:45:30,2023-07-06  12:49:00
I16,PB000090,0,0,4e-10,10.0,poscon,s2,24,22.23651371228428,0.7707698907334799,42.89045871785119,2023-07-04  10:45:30,2023-07-06  12:49:00
I17,PB000095,1,1,1e-10,14079098.93766799,negcon,s1,228,113.96949253460993,0.743756459697082,202.4413503992754,2023-07-04  10:22:00,2023-07-06  10:40:00
I17,PB000095,1,1,1e-10,14079098.93766799,negcon,s2,263,122.35422128078925,0.8141146087538951,204.2716992087267,2023-07-04  10:22:00,2023-07-06  10:40:00
I18,PB000090,3,0,3.90625e-11,10.0,poscon,s1,204,134.71368256629398,0.8103397580756443,223.37436546318503,2023-07-04  10:45:30,2023-07-06  12:49:00
I18,PB000090,3,0,3.90625e-11,10.0,poscon,s2,212,133.9958530802017,0.7974336328176801,220.7847122478339,2023-07-04  10:45:30,2023-07-06  12:49:00
I19,PB000100,1,1,1e-10,14079098.93766799,negcon,s1,321,111.61018582276874,0.8287859919157908,180.86790904682493,2023-07-04  10:48:00,2023-07-06  12:49:00
I19,PB000100,1,1,1e-10,14079098.93766799,negcon,s2,236,131.38360247174273,0.8002471257805746,220.96632394893084,2023-07-04  10:48:00,2023-07-06  12:49:00
I20,PB000103,1,1,1e-10,14079098.93766799,negcon,s1,190,120.7959335067352,0.7642550071390029,199.83204193756853,2023-07-04  10:20:00,2023-07-06  10:40:00
I20,PB000103,1,1,1e-10,14079098.93766799,negcon,s2,314,124.40068780127604,0.8035897124390754,202.03205795564503,2023-07-04  10:20:00,2023-07-06  10:40:00
I21,PB000092,0,0,3.90625e-11,10.0,poscon,s1,213,127.96381680274467,0.7841426878687968,211.4909175759189,2023-07-04  10:46:00,2023-07-06  12:49:00
I21,PB000092,0,0,3.90625e-11,10.0,poscon,s2,228,133.44327071111695,0.8012202642883048,212.1278585608474,2023-07-04  10:46:00,2023-07-06  12:49:00
I22,PB000091,1,1,1e-10,14079098.93766799,negcon,s1,191,124.35407735593544,0.7872473310441959,213.09201887725888,2023-07-04  10:21:00,2023-07-06  10:40:00
I22,PB000091,1,1,1e-10,14079098.93766799,negcon,s2,285,127.76404863860918,0.763167160582135,218.86572083254532,2023-07-04  10:21:00,2023-07-06  10:40:00
I23,PB000092,1,1,1e-10,14079098.93766799,negcon,s1,224,134.36063213002663,0.7883115158214424,216.32843369399947,2023-07-04  10:46:00,2023-07-06  12:49:00
I23,PB000092,1,1,1e-10,14079098.93766799,negcon,s2,247,119.75871501807532,0.7802878884592418,211.80905156736296,2023-07-04  10:46:00,2023-07-06  12:49:00
J02,PB000089,1,1,1e-10,14079098.93766799,negcon,s1,219,115.60324999805538,0.7730689445626084,205.88316422182987,2023-07-04  10:20:30,2023-07-06  10:40:00
J02,PB000089,1,1,1e-10,14079098.93766799,negcon,s2,178,143.81355491609185,0.8245955673822376,224.0722587424384,2023-07-04  10:20:30,2023-07-06  10:40:00
J03,PB000091,3,0,4.0000000000000004e-11,1.0,poscon,s1,179,119.84387303906058,0.7893783197438969,210.11226500929888,2023-07-04  10:21:00,2023-07-06  10:40:00
J03,PB000091,3,0,4.0000000000000004e-11,1.0,poscon,s2,257,130.14843310436825,0.7989127143505589,212.691319538666,2023-07-04  10:21:00,2023-07-06  10:40:00
J04,PB000096,1,1,1e-10,14079098.93766799,negcon,s1,227,128.62293866311288,0.8068363821426201,208.1528984894769,2023-07-04  10:47:00,2023-07-06  12:49:00
J04,PB000096,1,1,1e-10,14079098.93766799,negcon,s2,118,111.61532595352318,0.793408828407148,194.4947249412716,2023-07-04  10:47:00,2023-07-06  12:49:00
J05,PB000090,3,0,4e-10,10.0,poscon,s1,45,86.32474906761811,0.8308773527320792,163.05080597505565,2023-07-04  10:45:30,2023-07-06  12:49:00
J05,PB000090,3,0,4e-10,10.0,poscon,s2,64,95.29668511687784,0.8563343449868368,144.1625086898232,2023-07-04  10:45:30,2023-07-06  12:49:00
J06,PB000093,0,0,4e-10,10.0,poscon,s1,169,135.968281221967,0.7829237608050615,226.20840157867872,2023-07-04  10:21:30,2023-07-06  10:40:00
J06,PB000093,0,0,4e-10,10.0,poscon,s2,181,142.73402899878266,0.8238001837547373,234.728132851208,2023-07-04  10:21:30,2023-07-06  10:40:00
J07,PB000089,2,1,3.90625e-11,10.0,negcon,s1,183,115.55777614955184,0.7989008093201448,196.72107589979356,2023-07-04  10:20:30,2023-07-06  10:40:00
J07,PB000089,2,1,3.90625e-11,10.0,negcon,s2,172,127.08001983192632,0.8466567046616311,196.0928269947562,2023-07-04  10:20:30,2023-07-06  10:40:00
J08,PB000096,2,1,4e-10,10.0,negcon,s1,246,123.1511534346144,0.7798199560948877,216.02193744158143,2023-07-04  10:47:00,2023-07-06  12:49:00
J08,PB000096,2,1,4e-10,10.0,negcon,s2,225,134.02227601044524,0.8264189097144969,219.69002086691808,2023-07-04  10:47:00,2023-07-06  12:49:00
J09,PB000094,3,0,4.0000000000000004e-11,1.0,poscon,s1,219,140.39451693348212,0.8816969667373913,218.92871616724943,2023-07-04  10:46:30,2023-07-06  12:49:00
J09,PB000094,3,0,4.0000000000000004e-11,1.0,poscon,s2,194,134.01879032951285,0.8129064710792779,222.3255953629694,2023-07-04  10:46:30,2023-07-06  12:49:00
J10,PB000090,1,1,1e-10,14079098.93766799,negcon,s1,142,128.34543566564594,0.8179180070931888,219.63535039298097,2023-07-04  10:45:30,2023-07-06  12:49:00
J10,PB000090,1,1,1e-10,14079098.93766799,negcon,s2,135,128.13743624654956,0.8467725614671566,208.6738070175519,2023-07-04  10:45:30,2023-07-06  12:49:00
J11,PB000103,1,1,1e-10,14079098.93766799,negcon,s1,861,11.115383095289465,0.799164277138415,18.962876694235497,2023-07-04  10:20:00,2023-07-06  10:40:00
J11,PB000103,1,1,1e-10,14079098.93766799,negcon,s2,187,13.123477087064051,0.7518453823506154,23.969778034828416,2023-07-04  10:20:00,2023-07-06  10:40:00
J12,PB000091,3,0,4e-10,10.0,poscon,s1,197,130.7606814687838,0.7679913162037891,236.3834672135052,2023-07-04  10:21:00,2023-07-06  10:40:00
J12,PB000091,3,0,4e-10,10.0,poscon,s2,186,144.9583550024043,0.8351739743142198,230.53290437701597,2023-07-04  10:21:00,2023-07-06  10:40:00
J13,PB000092,1,1,1e-10,14079098.93766799,negcon,s1,245,134.00448415915926,0.7712344852569307,211.36612388020757,2023-07-04  10:46:00,2023-07-06  12:49:00
J13,PB000092,1,1,1e-10,14079098.93766799,negcon,s2,315,121.1905138957405,0.8086767046814928,197.30234401184424,2023-07-04  10:46:00,2023-07-06  12:49:00
J14,PB000089,2,1,4.0000000000000004e-11,1.0,negcon,s1,218,127.9939563135148,0.8063141935592377,219.81766937561497,2023-07-04  10:20:30,2023-07-06  10:40:00
J14,PB000089,2,1,4.0000000000000004e-11,1.0,negcon,s2,279,129.85461391078056,0.7694383166914609,215.6081661314036,2023-07-04  10:20:30,2023-07-06  10:40:00
J15,PB000097,2,1,4e-10,10.0,negcon,s1,66,116.80802782090814,0.801573226884427,197.06380630976884,2023-07-04  10:22:30,2023-07-06  10:40:00
J15,PB000097,2,1,4e-10,10.0,negcon,s2,64,126.90506579167824,0.8103988135903109,197.72293684237968,2023-07-04  10:22:30,2023-07-06  10:40:00
J16,PB000092,1,1,1e-10,14079098.93766799,negcon,s1,287,129.4970519920457,0.8446834119052865,207.76065962691655,2023-07-04  10:46:00,2023-07-06  12:49:00
J16,PB000092,1,1,1e-10,14079098.93766799,negcon,s2,267,130.7389028246423,0.7926436015715481,212.51825091926813,2023-07-04  10:46:00,2023-07-06  12:49:00
J17,PB000090,1,1,1e-10,14079098.93766799,negcon,s1,86,86.27531402126554,0.7991438144979778,149.10425775584997,2023-07-04  10:45:30,2023-07-06  12:49:00
J17,PB000090,1,1,1e-10,14079098.93766799,negcon,s2,91,99.17260277962464,0.7973845630669505,157.8348907476,2023-07-04  10:45:30,2023-07-06  12:49:00
J18,PB000103,1,1,1e-10,14079098.93766799,negcon,s1,60,77.33511652882272,0.7404337474886007,149.9929060660644,2023-07-04  10:20:00,2023-07-06  10:40:00
J18,PB000103,1,1,1e-10,14079098.93766799,negcon,s2,61,97.62844717550824,0.7554132747697602,180.18062189124677,2023-07-04  10:20:00,2023-07-06  10:40:00
J19,PB000093,1,1,1e-10,14079098.93766799,negcon,s1,179,119.89564412925296,0.7839901068814208,195.73800699419053,2023-07-04  10:21:30,2023-07-06  10:40:00
J19,PB000093,1,1,1e-10,14079098.93766799,negcon,s2,273,130.34897900032124,0.7801061293926926,217.57722646209797,2023-07-04  10:21:30,2023-07-06  10:40:00
J20,PB000091,3,0,3.90625e-11,10.0,poscon,s1,278,118.4093237904196,0.7977155196867518,198.57182008277545,2023-07-04  10:21:00,2023-07-06  10:40:00
J20,PB000091,3,0,3.90625e-11,10.0,poscon,s2,284,118.43820694495416,0.7617677167239518,200.65615579826675,2023-07-04  10:21:00,2023-07-06  10:40:00
J21,PB000103,1,1,1e-10,14079098.93766799,negcon,s1,137,104.4546400205556,0.8357066068365917,169.02777351095014,2023-07-04  10:20:00,2023-07-06  10:40:00
J21,PB000103,1,1,1e-10,14079098.93766799,negcon,s2,266,109.14720121160994,0.8149635660862141,177.00505238808128,2023-07-04  10:20:00,2023-07-06  10:40:00
J22,PB000103,1,1,1e-10,14079098.93766799,negcon,s1,260,127.01730366105376,0.7627933531290942,219.2721726993508,2023-07-04  10:20:00,2023-07-06  10:40:00
J22,PB000103,1,1,1e-10,14079098.93766799,negcon,s2,283,125.42087178731926,0.842765538283213,207.60643509549865,2023-07-04  10:20:00,2023-07-06  10:40:00
J23,PB000095,1,1,1e-10,14079098.93766799,negcon,s1,230,124.75769411563206,0.7770958129203305,213.61283412359893,2023-07-04  10:22:00,2023-07-06  10:40:00
J23,PB000095,1,1,1e-10,14079098.93766799,negcon,s2,262,121.93653592360997,0.7910279962776019,199.51459891133723,2023-07-04  10:22:00,2023-07-06  10:40:00
K02,PB000103,1,1,1e-10,14079098.93766799,negcon,s1,186,127.33170355129448,0.8260676767585216,207.8664163384483,2023-07-04  10:20:00,2023-07-06  10:40:00
K02,PB000103,1,1,1e-10,14079098.93766799,negcon,s2,122,104.3260096142617,0.7974040756908327,171.29569873924822,2023-07-04  10:20:00,2023-07-06  10:40:00
K03,PB000100,1,1,1e-10,14079098.93766799,negcon,s1,428,10.724667357006393,0.7942246496332217,18.665564805022644,2023-07-04  10:48:00,2023-07-06  12:49:00
K03,PB000100,1,1,1e-10,14079098.93766799,negcon,s2,347,12.730919207506682,0.7884848441544161,22.246429176636703,2023-07-04  10:48:00,2023-07-06  12:49:00
K04,PB000091,0,0,3.90625e-11,10.0,poscon,s1,73,88.86805734289726,0.8079868918325017,161.33501145282352,2023-07-04  10:21:00,2023-07-06  10:40:00
K04,PB000091,0,0,3.90625e-11,10.0,poscon,s2,93,95.55285637046686,0.7865601838728249,177.52269765129398,2023-07-04  10:21:00,2023-07-06  10:40:00
K05,PB000089,3,0,4e-10,10.0,poscon,s1,108,115.3039611208763,0.8153691164230712,186.01214464733155,2023-07-04  10:20:30,2023-07-06  10:40:00
K05,PB000089,3,0,4e-10,10.0,poscon,s2,125,127.41114180710534,0.8570508937742262,189.94444375730305,2023-07-04  10:20:30,2023-07-06  10:40:00
K06,PB000097,3,0,4.0000000000000004e-11,1.0,poscon,s1,166,112.51073476821712,0.7687927976654578,201.69388513515676,2023-07-04  10:22:30,2023-07-06  10:40:00
K06,PB000097,3,0,4.0000000000000004e-11,1.0,poscon,s2,183,130.64000250161016,0.7761638850878835,214.74636837017897,2023-07-04  10:22:30,2023-07-06  10:40:00
K07,PB000090,0,0,4.0000000000000004e-11,1.0,poscon,s1,98,109.30284711910512,0.798030832494951,178.17372361134744,2023-07-04  10:45:30,2023-07-06  12:49:00
K07,PB000090,0,0,4.0000000000000004e-11,1.0,poscon,s2,147,119.18073190400249,0.7824477576849594,208.14917650986112,2023-07-04  10:45:30,2023-07-06  12:49:00
K08,PB000089,0,0,4.0000000000000004e-11,1.0,poscon,s1,146,138.51808002306228,0.8879452203122593,210.1696228136292,2023-07-04  10:20:30,2023-07-06  10:40:00
K08,PB000089,0,0,4.0000000000000004e-11,1.0,poscon,s2,138,137.56551242907005,0.8532815341420066,221.9857664468368,2023-07-04  10:20:30,2023-07-06  10:40:00
K09,PB000103,1,1,1e-10,14079098.93766799,negcon,s1,94,134.891993396171,0.8492161246455824,193.82366657463064,2023-07-04  10:20:00,2023-07-06  10:40:00
K09,PB000103,1,1,1e-10,14079098.93766799,negcon,s2,134,119.0409182587486,0.7918359727051587,201.080979695179,2023-07-04  10:20:00,2023-07-06  10:40:00
K10,PB000093,2,1,4e-10,10.0,negcon,s1,33,72.56343560550647,0.8564434898236757,140.49757264281425,2023-07-04  10:21:30,2023-07-06  10:40:00
K10,PB000093,2,1,4e-10,10.0,negcon,s2,123,112.19474919220984,0.7741915668672603,192.20408472493463,2023-07-04  10:21:30,2023-07-06  10:40:00
K11,PB000099,1,1,1e-10,14079098.93766799,negcon,s1,147,128.28894407381816,0.7982770742548535,207.63835731644213,2023-07-04  10:23:00,2023-07-06  10:40:00
K11,PB000099,1,1,1e-10,14079098.93766799,negcon,s2,205,130.33961478919946,0.7955194407479922,227.9476158219309,2023-07-04  10:23:00,2023-07-06  10:40:00
K12,PB000095,2,1,3.90625e-11,10.0,negcon,s1,154,125.7085989966493,0.8088069337879409,194.1453062462983,2023-07-04  10:22:00,2023-07-06  10:40:00
K12,PB000095,2,1,3.90625e-11,10.0,negcon,s2,190,111.75741036933672,0.7871210517771823,193.3477899686391,2023-07-04  10:22:00,2023-07-06  10:40:00
K13,PB000089,1,1,1e-10,14079098.93766799,negcon,s1,154,116.5843883411927,0.8386366564265112,197.11866958343865,2023-07-04  10:20:30,2023-07-06  10:40:00
K13,PB000089,1,1,1e-10,14079098.93766799,negcon,s2,250,129.13423289926197,0.8308566936217183,207.50593407208456,2023-07-04  10:20:30,2023-07-06  10:40:00
K14,PB000098,0,0,4.0000000000000004e-11,1.0,poscon,s1,245,126.31418226794,0.785972798439209,213.5351756211436,2023-07-04  10:47:30,2023-07-06  12:49:00
K14,PB000098,0,0,4.0000000000000004e-11,1.0,poscon,s2,209,114.77467877740196,0.8021495492679225,204.61707249472997,2023-07-04  10:47:30,2023-07-06  12:49:00
K15,PB000103,1,1,1e-10,14079098.93766799,negcon,s1,250,125.96760750723011,0.8310527773297353,213.82196634112847,2023-07-04  10:20:00,2023-07-06  10:40:00
K15,PB000103,1,1,1e-10,14079098.93766799,negcon,s2,257,138.5041561257107,0.7845175184722991,228.0930427731183,2023-07-04  10:20:00,2023-07-06  10:40:00
K16,PB000103,1,1,1e-10,14079098.93766799,negcon,s1,72,101.81196447923918,0.8365721293463075,181.14089161175025,2023-07-04  10:20:00,2023-07-06  10:40:00
K16,PB000103,1,1,1e-10,14079098.93766799,negcon,s2,68,114.40543448821856,0.8016173982295995,185.7579714708808,2023-07-04  10:20:00,2023-07-06  10:40:00
K17,PB000096,0,0,4.0000000000000004e-11,1.0,poscon,s1,71,179.99503131747298,0.8832878793100192,257.8405046073639,2023-07-04  10:47:00,2023-07-06  12:49:00
K17,PB000096,0,0,4.0000000000000004e-11,1.0,poscon,s2,74,139.02230994115746,0.8034727524373377,241.0545873043984,2023-07-04  10:47:00,2023-07-06  12:49:00
K18,PB000093,3,0,4e-10,10.0,poscon,s1,170,112.03545002041244,0.7743822411827023,205.20256273422427,2023-07-04  10:21:30,2023-07-06  10:40:00
K18,PB000093,3,0,4e-10,10.0,poscon,s2,287,118.28666286245476,0.7980998949029918,204.5840575163182,2023-07-04  10:21:30,2023-07-06  10:40:00
K19,PB000102,3,0,4e-10,10.0,poscon,s1,200,127.3641359026602,0.7775888593535754,207.5584097817108,2023-07-04  10:48:30,2023-07-06  12:49:00
K19,PB000102,3,0,4e-10,10.0,poscon,s2,241,134.64424164530027,0.803506430898502,223.90723947830708,2023-07-04  10:48:30,2023-07-06  12:49:00
K20,PB000093,0,0,4.0000000000000004e-11,1.0,poscon,s1,160,116.06312732719736,0.7976060302753241,203.9780640810367,2023-07-04  10:21:30,2023-07-06  10:40:00
K20,PB000093,0,0,4.0000000000000004e-11,1.0,poscon,s2,218,123.81039851486008,0.7719722810623708,217.95922272191103,2023-07-04  10:21:30,2023-07-06  10:40:00
K21,PB000094,0,0,4e-10,10.0,poscon,s1,185,128.89409436403915,0.7917305010200529,211.9194984614482,2023-07-04  10:46:30,2023-07-06  12:49:00
K21,PB000094,0,0,4e-10,10.0,poscon,s2,203,118.22574518341612,0.7734471199611495,203.5548623307249,2023-07-04  10:46:30,2023-07-06  12:49:00
K22,PB000089,1,1,1e-10,14079098.93766799,negcon,s1,168,113.34109941451024,0.8155484103500457,204.42509180022364,2023-07-04  10:20:30,2023-07-06  10:40:00
K22,PB000089,1,1,1e-10,14079098.93766799,negcon,s2,224,131.71335687323193,0.7966577009332645,215.85549715444284,2023-07-04  10:20:30,2023-07-06  10:40:00
K23,PB000090,1,1,1e-10,14079098.93766799,negcon,s1,172,125.2965945166928,0.8302725860649269,202.25177725129453,2023-07-04  10:45:30,2023-07-06  12:49:00
K23,PB000090,1,1,1e-10,14079098.93766799,negcon,s2,275,116.5676379436956,0.7812409246197725,194.3344277073556,2023-07-04  10:45:30,2023-07-06  12:49:00
L02,PB000096,2,1,4.0000000000000004e-11,1.0,negcon,s1,210,97.6748846903235,0.778191196042031,172.43279414301773,2023-07-04  10:47:00,2023-07-06  12:49:00
L02,PB000096,2,1,4.0000000000000004e-11,1.0,negcon,s2,300,118.28046979205952,0.8345234023193551,188.567065919628,2023-07-04  10:47:00,2023-07-06  12:49:00
L03,PB000089,0,0,3.90625e-11,10.0,poscon,s1,313,121.4369959182211,0.7900804069958195,199.1703871303449,2023-07-04  10:20:30,2023-07-06  10:40:00
L03,PB000089,0,0,3.90625e-11,10.0,poscon,s2,263,126.82813458564338,0.7633425161853751,209.69131362712275,2023-07-04  10:20:30,2023-07-06  10:40:00
L04,PB000100,0,0,3.90625e-11,10.0,poscon,s1,137,89.93807135556258,0.7694211830143232,145.5087703381586,2023-07-04  10:48:00,2023-07-06  12:49:00
L04,PB000100,0,0,3.90625e-11,10.0,poscon,s2,124,87.06987952960436,0.7809208868587105,149.7622480440441,2023-07-04  10:48:00,2023-07-06  12:49:00
L05,PB000097,3,0,4e-10,10.0,poscon,s1,252,129.1995841316954,0.79431680950527,217.70776499060477,2023-07-04  10:22:30,2023-07-06  10:40:00
L05,PB000097,3,0,4e-10,10.0,poscon,s2,302,126.28432857775412,0.7717119526442702,214.5959650943994,2023-07-04  10:22:30,2023-07-06  10:40:00
L06,PB000089,1,1,1e-10,14079098.93766799,negcon,s1,161,111.1927908523188,0.7879047889085722,189.28149062858344,2023-07-04  10:20:30,2023-07-06  10:40:00
L06,PB000089,1,1,1e-10,14079098.93766799,negcon,s2,176,119.03722520704063,0.7893814458625574,198.74521802411263,2023-07-04  10:20:30,2023-07-06  10:40:00
L07,PB000103,1,1,1e-10,14079098.93766799,negcon,s1,206,128.47106451474863,0.7748192802484082,215.0295112484933,2023-07-04  10:20:00,2023-07-06  10:40:00
L07,PB000103,1,1,1e-10,14079098.93766799,negcon,s2,248,111.57994060493512,0.7531100963684534,194.3289400473409,2023-07-04  10:20:00,2023-07-06  10:40:00
L08,PB000093,0,0,3.90625e-11,10.0,poscon,s1,106,109.19000920060512,0.7877909695328504,180.95945586216908,2023-07-04  10:21:30,2023-07-06  10:40:00
L08,PB000093,0,0,3.90625e-11,10.0,poscon,s2,165,124.8906153335288,0.8036567837827283,216.6684142471431,2023-07-04  10:21:30,2023-07-06  10:40:00
L09,PB000091,1,1,1e-10,14079098.93766799,negcon,s1,248,131.54905466804303,0.8219096834865518,207.90623578747912,2023-07-04  10:21:00,2023-07-06  10:40:00
L09,PB000091,1,1,1e-10,14079098.93766799,negcon,s2,241,122.26065824977827,0.8282666206968314,201.93525643324196,2023-07-04  10:21:00,2023-07-06  10:40:00
L10,PB000096,1,1,1e-10,14079098.93766799,negcon,s1,294,122.44344643119922,0.7964116900154814,205.1529540699786,2023-07-04  10:47:00,2023-07-06  12:49:00
L10,PB000096,1,1,1e-10,14079098.93766799,negcon,s2,221,121.4092585647583,0.8323806979855818,198.91107615967485,2023-07-04  10:47:00,2023-07-06  12:49:00
L11,PB000091,1,1,1e-10,14079098.93766799,negcon,s1,242,114.3012187485362,0.7889225014373544,201.0093346796269,2023-07-04  10:21:00,2023-07-06  10:40:00
L11,PB000091,1,1,1e-10,14079098.93766799,negcon,s2,273,126.40420394495992,0.8004990687652468,207.05205749425417,2023-07-04  10:21:00,2023-07-06  10:40:00
L12,PB000103,1,1,1e-10,14079098.93766799,negcon,s1,90,126.76585916971136,0.8055957364909657,196.03343947280644,2023-07-04  10:20:00,2023-07-06  10:40:00
L12,PB000103,1,1,1e-10,14079098.93766799,negcon,s2,178,128.12419592640066,0.810924326083449,201.9577963319299,2023-07-04  10:20:00,2023-07-06  10:40:00
L13,PB000093,1,1,1e-10,14079098.93766799,negcon,s1,107,92.13785654942974,0.7643082517588744,164.33604320918585,2023-07-04  10:21:30,2023-07-06  10:40:00
L13,PB000093,1,1,1e-10,14079098.93766799,negcon,s2,206,115.84476975715592,0.737427185332297,207.30161413718315,2023-07-04  10:21:30,2023-07-06  10:40:00
L14,PB000096,0,0,4e-10,10.0,poscon,s1,40,122.01230133836754,0.7953934258414226,202.26984900717704,2023-07-04  10:47:00,2023-07-06  12:49:00
L14,PB000096,0,0,4e-10,10.0,poscon,s2,34,70.48899306979163,0.871055402157221,124.08044264669326,2023-07-04  10:47:00,2023-07-06  12:49:00
L15,PB000092,2,1,4.0000000000000004e-11,1.0,negcon,s1,269,124.03935045679904,0.7985251857264268,207.05457494421415,2023-07-04  10:46:00,2023-07-06  12:49:00
L15,PB000092,2,1,4.0000000000000004e-11,1.0,negcon,s2,348,121.6207479086864,0.8114251114362301,202.453044982964,2023-07-04  10:46:00,2023-07-06  12:49:00
L16,PB000102,0,0,4e-10,10.0,poscon,s1,137,125.10387056243307,0.7636991195095407,210.0440557669805,2023-07-04  10:48:30,2023-07-06  12:49:00
L16,PB000102,0,0,4e-10,10.0,poscon,s2,157,108.48053510243192,0.8014855877464309,188.6393900300217,2023-07-04  10:48:30,2023-07-06  12:49:00
L17,PB000094,1,1,1e-10,14079098.93766799,negcon,s1,197,130.5461557061224,0.843303635265497,207.2538889130081,2023-07-04  10:46:30,2023-07-06  12:49:00
L17,PB000094,1,1,1e-10,14079098.93766799,negcon,s2,250,145.45646202175067,0.8354535363316569,230.63273482067663,2023-07-04  10:46:30,2023-07-06  12:49:00
L18,PB000101,0,0,4e-10,10.0,poscon,s1,220,135.34598906135116,0.7778542921907239,219.96289607618428,2023-07-04  10:23:30,2023-07-06  10:40:00
L18,PB000101,0,0,4e-10,10.0,poscon,s2,234,125.25056413488753,0.805645738750552,219.1103554011571,2023-07-04  10:23:30,2023-07-06  10:40:00
L19,PB000090,1,1,1e-10,14079098.93766799,negcon,s1,40,7.338332040337503,0.8130859030879082,10.67161359899962,2023-07-04  10:45:30,2023-07-06  12:49:00
L19,PB000090,1,1,1e-10,14079098.93766799,negcon,s2,25,7.0426479402145725,0.7958274061657896,10.7822911430508,2023-07-04  10:45:30,2023-07-06  12:49:00
L20,PB000089,2,1,4e-10,10.0,negcon,s1,54,75.38741657693917,0.8600525504690864,127.80672336183072,2023-07-04  10:20:30,2023-07-06  10:40:00
L20,PB000089,2,1,4e-10,10.0,negcon,s2,61,99.28922203067886,0.8241244660181098,163.6352962777873,2023-07-04  10:20:30,2023-07-06  10:40:00
L21,PB000097,1,1,1e-10,14079098.93766799,negcon,s1,187,117.66457819270484,0.8076086000798034,214.331007905872,2023-07-04  10:22:30,2023-07-06  10:40:00
L21,PB000097,1,1,1e-10,14079098.93766799,negcon,s2,194,130.36873940022303,0.7892536124027816,219.15319301875505,2023-07-04  10:22:30,2023-07-06  10:40:00
L22,PB000100,1,1,1e-10,14079098.93766799,negcon,s1,91,13.291508487873308,0.8131007394536055,21.370331723477765,2023-07-04  10:48:00,2023-07-06  12:49:00
L22,PB000100,1,1,1e-10,14079098.93766799,negcon,s2,89,11.975929675920163,0.7915139826534461,20.32274732797984,2023-07-04  10:48:00,2023-07-06  12:49:00
L23,PB000097,2,1,4.0000000000000004e-11,1.0,negcon,s1,331,123.66419999818936,0.7885862434069482,204.1198565941149,2023-07-04  10:22:30,2023-07-06  10:40:00
L23,PB000097,2,1,4.0000000000000004e-11,1.0,negcon,s2,259,131.02406531906553,0.8080152215861219,211.39229170196947,2023-07-04  10:22:30,2023-07-06  10:40:00
M02,PB000090,3,0,4.0000000000000004e-11,1.0,poscon,s1,337,116.8096785609888,0.7993965589067433,194.93030464576125,2023-07-04  10:45:30,2023-07-06  12:49:00
M02,PB000090,3,0,4.0000000000000004e-11,1.0,poscon,s2,298,133.52963137135282,0.8124667533299021,214.66335994297012,2023-07-04  10:45:30,2023-07-06  12:49:00
M03,PB000103,1,1,1e-10,14079098.93766799,negcon,s1,226,124.09957742756578,0.8304615482623213,191.65560661930215,2023-07-04  10:20:00,2023-07-06  10:40:00
M03,PB000103,1,1,1e-10,14079098.93766799,negcon,s2,188,124.94534467120012,0.8324801900342045,210.16313788556064,2023-07-04  10:20:00,2023-07-06  10:40:00
M04,PB000089,1,1,1e-10,14079098.93766799,negcon,s1,35,58.530664356982456,0.7609473058429143,109.75870728970926,2023-07-04  10:20:30,2023-07-06  10:40:00
M04,PB000089,1,1,1e-10,14079098.93766799,negcon,s2,37,13.806551435879502,0.8555217782621807,28.847738775794237,2023-07-04  10:20:30,2023-07-06  10:40:00
M05,PB000102,1,1,1e-10,14079098.93766799,negcon,s1,166,121.75470724066486,0.785921759729336,194.29562897852745,2023-07-04  10:48:30,2023-07-06  12:49:00
M05,PB000102,1,1,1e-10,14079098.93766799,negcon,s2,207,135.52723886277275,0.8110246069759615,220.52976494995812,2023-07-04  10:48:30,2023-07-06  12:49:00
M06,PB000100,3,0,4e-10,10.0,poscon,s1,199,116.05107748217884,0.8293309103150723,179.81518082162327,2023-07-04  10:48:00,2023-07-06  12:49:00
M06,PB000100,3,0,4e-10,10.0,poscon,s2,167,119.13980238575638,0.8263427825947574,193.50353435486653,2023-07-04  10:48:00,2023-07-06  12:49:00
M07,PB000093,1,1,1e-10,14079098.93766799,negcon,s1,195,129.33594609056863,0.7821956196421298,210.1520594999629,2023-07-04  10:21:30,2023-07-06  10:40:00
M07,PB000093,1,1,1e-10,14079098.93766799,negcon,s2,253,136.93379793880752,0.8053224320721392,220.66419109671145,2023-07-04  10:21:30,2023-07-06  10:40:00
M08,PB000090,1,1,1e-10,14079098.93766799,negcon,s1,12,37.46083914579573,0.8902864232249394,77.43713891305131,2023-07-04  10:45:30,2023-07-06  12:49:00
M08,PB000090,1,1,1e-10,14079098.93766799,negcon,s2,22,75.84124231897756,0.8314970306286795,119.16003517060597,2023-07-04  10:45:30,2023-07-06  12:49:00
M09,PB000093,1,1,1e-10,14079098.93766799,negcon,s1,267,120.14217908264386,0.7994418831257681,203.7443246071655,2023-07-04  10:21:30,2023-07-06  10:40:00
M09,PB000093,1,1,1e-10,14079098.93766799,negcon,s2,181,131.45225098538586,0.8582959986069625,206.22241759185647,2023-07-04  10:21:30,2023-07-06  10:40:00
M10,PB000089,1,1,1e-10,14079098.93766799,negcon,s1,81,106.75998225526784,0.7301780335690663,179.95383983775378,2023-07-04  10:20:30,2023-07-06  10:40:00
M10,PB000089,1,1,1e-10,14079098.93766799,negcon,s2,85,117.0329381985441,0.8782028204360095,194.2036302053984,2023-07-04  10:20:30,2023-07-06  10:40:00
M11,PB000103,1,1,1e-10,14079098.93766799,negcon,s1,136,123.31917118078276,0.8059540248320556,203.57542062450665,2023-07-04  10:20:00,2023-07-06  10:40:00
M11,PB000103,1,1,1e-10,14079098.93766799,negcon,s2,236,139.97587908855928,0.836939968999663,218.21702567873945,2023-07-04  10:20:00,2023-07-06  10:40:00
M12,PB000103,1,1,1e-10,14079098.93766799,negcon,s1,194,93.10304627595605,0.8268048030026582,148.9064694690943,2023-07-04  10:20:00,2023-07-06  10:40:00
M12,PB000103,1,1,1e-10,14079098.93766799,negcon,s2,154,101.3368824333534,0.8519798623485944,151.62286358226007,2023-07-04  10:20:00,2023-07-06  10:40:00
M13,PB000090,1,1,1e-10,14079098.93766799,negcon,s1,296,121.36448194681095,0.7891821614806085,215.11115745198416,2023-07-04  10:45:30,2023-07-06  12:49:00
M13,PB000090,1,1,1e-10,14079098.93766799,negcon,s2,274,124.16026309486062,0.8339522375043441,204.25584979186164,2023-07-04  10:45:30,2023-07-06  12:49:00
M14,PB000103,1,1,1e-10,14079098.93766799,negcon,s1,217,119.48661002084576,0.795257039500228,209.87691545270923,2023-07-04  10:20:00,2023-07-06  10:40:00
M14,PB000103,1,1,1e-10,14079098.93766799,negcon,s2,279,131.337950660541,0.8111556125310698,213.76129690852383,2023-07-04  10:20:00,2023-07-06  10:40:00
M15,PB000093,2,1,3.90625e-11,10.0,negcon,s1,382,109.88958697290076,0.7860222438903723,187.81757501868455,2023-07-04  10:21:30,2023-07-06  10:40:00
M15,PB000093,2,1,3.90625e-11,10.0,negcon,s2,324,125.88920420256213,0.8562807309221686,194.2828711331928,2023-07-04  10:21:30,2023-07-06  10:40:00
M16,PB000099,1,1,1e-10,14079098.93766799,negcon,s1,185,134.42834955831626,0.7759102828389617,234.55876608637715,2023-07-04  10:23:00,2023-07-06  10:40:00
M16,PB000099,1,1,1e-10,14079098.93766799,negcon,s2,250,131.88055822680417,0.7432140524941249,224.94019726871016,2023-07-04  10:23:00,2023-07-06  10:40:00
M17,PB000089,0,0,4e-10,10.0,poscon,s1,155,131.3990826515819,0.7996262229930501,214.29342832495524,2023-07-04  10:20:30,2023-07-06  10:40:00
M17,PB000089,0,0,4e-10,10.0,poscon,s2,225,127.30854532937084,0.7757432387971248,223.9940656710112,2023-07-04  10:20:30,2023-07-06  10:40:00
M18,PB000091,1,1,1e-10,14079098.93766799,negcon,s1,263,114.1324782971046,0.7723329183272059,196.36364257972565,2023-07-04  10:21:00,2023-07-06  10:40:00
M18,PB000091,1,1,1e-10,14079098.93766799,negcon,s2,299,124.71620293460911,0.7969384025149273,206.8489724457687,2023-07-04  10:21:00,2023-07-06  10:40:00
M19,PB000101,1,1,1e-10,14079098.93766799,negcon,s1,321,123.26691703760996,0.8164972644760354,200.7863458195813,2023-07-04  10:23:30,2023-07-06  10:40:00
M19,PB000101,1,1,1e-10,14079098.93766799,negcon,s2,275,125.95374209758944,0.8178080929416782,211.17791552508868,2023-07-04  10:23:30,2023-07-06  10:40:00
M20,PB000092,2,1,4e-10,10.0,negcon,s1,302,122.3447864624282,0.7718063192843683,215.5096858540495,2023-07-04  10:46:00,2023-07-06  12:49:00
M20,PB000092,2,1,4e-10,10.0,negcon,s2,268,130.5755467980299,0.7776774999825435,219.06028450742235,2023-07-04  10:46:00,2023-07-06  12:49:00
M21,PB000090,2,1,4.0000000000000004e-11,1.0,negcon,s1,231,134.32282912071994,0.7957825308297033,222.96041571511293,2023-07-04  10:45:30,2023-07-06  12:49:00
M21,PB000090,2,1,4.0000000000000004e-11,1.0,negcon,s2,254,123.1068945307628,0.79065006059056,198.7057348610857,2023-07-04  10:45:30,2023-07-06  12:49:00
M22,PB000094,1,1,1e-10,14079098.93766799,negcon,s1,292,124.68568057288093,0.8479017268612383,197.93304174530957,2023-07-04  10:46:30,2023-07-06  12:49:00
M22,PB000094,1,1,1e-10,14079098.93766799,negcon,s2,318,120.43792030887364,0.8112097361755025,194.75291320651385,2023-07-04  10:46:30,2023-07-06  12:49:00
M23,PB000093,3,0,4.0000000000000004e-11,1.0,poscon,s1,263,107.04594658656949,0.7956113409807409,173.73327764562646,2023-07-04  10:21:30,2023-07-06  10:40:00
M23,PB000093,3,0,4.0000000000000004e-11,1.0,poscon,s2,239,114.9849160764945,0.8377754752079527,181.38427642511252,2023-07-04  10:21:30,2023-07-06  10:40:00
N02,PB000099,1,1,1e-10,14079098.93766799,negcon,s1,327,115.3150470660148,0.758985729917822,203.39769789812388,2023-07-04  10:23:00,2023-07-06  10:40:00
N02,PB000099,1,1,1e-10,14079098.93766799,negcon,s2,310,120.45216624417114,0.7656208084880134,209.81136707173133,2023-07-04  10:23:00,2023-07-06  10:40:00
N03,PB000103,1,1,1e-10,14079098.93766799,negcon,s1,190,117.26508763223104,0.783916852264977,196.0486645442901,2023-07-04  10:20:00,2023-07-06  10:40:00
N03,PB000103,1,1,1e-10,14079098.93766799,negcon,s2,184,118.68007188563804,0.8121945663838179,187.41337660834031,2023-07-04  10:20:00,2023-07-06  10:40:00
N04,PB000092,1,1,1e-10,14079098.93766799,negcon,s1,105,109.42134478585574,0.6929706300222305,206.6742749367276,2023-07-04  10:46:00,2023-07-06  12:49:00
N04,PB000092,1,1,1e-10,14079098.93766799,negcon,s2,126,124.81739668061884,0.8096250409985546,212.4003134714012,2023-07-04  10:46:00,2023-07-06  12:49:00
N05,PB000091,2,1,4e-10,10.0,negcon,s1,191,130.11343949436778,0.8048005829440309,225.24147884180653,2023-07-04  10:21:00,2023-07-06  10:40:00
N05,PB000091,2,1,4e-10,10.0,negcon,s2,134,140.04726177527044,0.8466644579454601,222.21547972568044,2023-07-04  10:21:00,2023-07-06  10:40:00
N06,PB000090,1,1,1e-10,14079098.93766799,negcon,s1,16,7.374023613523152,0.7793614856519573,12.203037695873752,2023-07-04  10:45:30,2023-07-06  12:49:00
N06,PB000090,1,1,1e-10,14079098.93766799,negcon,s2,20,6.868452437352863,0.684324578916027,12.072207616651257,2023-07-04  10:45:30,2023-07-06  12:49:00
N07,PB000097,1,1,1e-10,14079098.93766799,negcon,s1,241,106.45886404528636,0.7771034259599997,188.71415987877344,2023-07-04  10:22:30,2023-07-06  10:40:00
N07,PB000097,1,1,1e-10,14079098.93766799,negcon,s2,243,113.808375958588,0.7660465378493473,198.5020201462861,2023-07-04  10:22:30,2023-07-06  10:40:00
N08,PB000101,1,1,1e-10,14079098.93766799,negcon,s1,356,104.76577735087514,0.7543842612653853,178.99811661392403,2023-07-04  10:23:30,2023-07-06  10:40:00
N08,PB000101,1,1,1e-10,14079098.93766799,negcon,s2,294,108.67075027978922,0.789161729418792,185.1990195505847,2023-07-04  10:23:30,2023-07-06  10:40:00
N09,PB000090,0,0,3.90625e-11,10.0,poscon,s1,132,125.56766734429254,0.8246891837030368,197.49214540955728,2023-07-04  10:45:30,2023-07-06  12:49:00
N09,PB000090,0,0,3.90625e-11,10.0,poscon,s2,194,122.92515082791714,0.7349751297206158,218.5642788499013,2023-07-04  10:45:30,2023-07-06  12:49:00
N10,PB000099,3,0,4.0000000000000004e-11,1.0,poscon,s1,221,124.69789549978864,0.824937119180038,204.2513293941034,2023-07-04  10:23:00,2023-07-06  10:40:00
N10,PB000099,3,0,4.0000000000000004e-11,1.0,poscon,s2,280,134.76431224525757,0.8323085300989501,214.6755946348435,2023-07-04  10:23:00,2023-07-06  10:40:00
N11,PB000103,1,1,1e-10,14079098.93766799,negcon,s1,301,117.89363329944436,0.7946087894914596,205.50438389551385,2023-07-04  10:20:00,2023-07-06  10:40:00
N11,PB000103,1,1,1e-10,14079098.93766799,negcon,s2,287,125.47827602205793,0.8038286463704798,211.75975289197655,2023-07-04  10:20:00,2023-07-06  10:40:00
N12,PB000093,1,1,1e-10,14079098.93766799,negcon,s1,329,123.81114157368516,0.7989081895180764,215.51114196899763,2023-07-04  10:21:30,2023-07-06  10:40:00
N12,PB000093,1,1,1e-10,14079098.93766799,negcon,s2,309,125.50505431506198,0.7532078419481066,213.25953202848348,2023-07-04  10:21:30,2023-07-06  10:40:00
N13,PB000103,1,1,1e-10,14079098.93766799,negcon,s1,283,110.9874717522015,0.7925450352961105,187.87314988418944,2023-07-04  10:20:00,2023-07-06  10:40:00
N13,PB000103,1,1,1e-10,14079098.93766799,negcon,s2,236,118.32018416894456,0.8565103202925335,195.05948028128444,2023-07-04  10:20:00,2023-07-06  10:40:00
N14,PB000090,2,1,4e-10,10.0,negcon,s1,320,122.98812578349462,0.8043044757839076,196.0590587376205,2023-07-04  10:45:30,2023-07-06  12:49:00
N14,PB000090,2,1,4e-10,10.0,negcon,s2,239,110.55645868280531,0.7954554788085288,193.38019907392624,2023-07-04  10:45:30,2023-07-06  12:49:00
N15,PB000092,3,0,4.0000000000000004e-11,1.0,poscon,s1,262,122.94990309778152,0.8102847273084129,206.09477314093212,2023-07-04  10:46:00,2023-07-06  12:49:00
N15,PB000092,3,0,4.0000000000000004e-11,1.0,poscon,s2,263,129.44356830177028,0.8116943629393943,207.60540341975025,2023-07-04  10:46:00,2023-07-06  12:49:00
N16,PB000089,1,1,1e-10,14079098.93766799,negcon,s1,109,104.2548198020871,0.8149707669829376,174.3573896445346,2023-07-04  10:20:30,2023-07-06  10:40:00
N16,PB000089,1,1,1e-10,14079098.93766799,negcon,s2,127,112.22345672639358,0.8052520847689638,208.57400427559065,2023-07-04  10:20:30,2023-07-06  10:40:00
N17,PB000093,1,1,1e-10,14079098.93766799,negcon,s1,361,101.96341644127288,0.7553348661035384,178.48364404523218,2023-07-04  10:21:30,2023-07-06  10:40:00
N17,PB000093,1,1,1e-10,14079098.93766799,negcon,s2,317,113.32269445816397,0.758936933442241,194.7716100381283,2023-07-04  10:21:30,2023-07-06  10:40:00
N18,PB000103,1,1,1e-10,14079098.93766799,negcon,s1,300,118.72596146126293,0.797173337996513,202.39118454733477,2023-07-04  10:20:00,2023-07-06  10:40:00
N18,PB000103,1,1,1e-10,14079098.93766799,negcon,s2,267,124.123971160692,0.8109155070042038,203.8231564876552,2023-07-04  10:20:00,2023-07-06  10:40:00
N19,PB000089,1,1,1e-10,14079098.93766799,negcon,s1,267,114.0907371203398,0.7640746602967389,201.448797065268,2023-07-04  10:20:30,2023-07-06  10:40:00
N19,PB000089,1,1,1e-10,14079098.93766799,negcon,s2,333,116.87312561853224,0.7971513151638392,192.6339526698017,2023-07-04  10:20:30,2023-07-06  10:40:00
N20,PB000103,1,1,1e-10,14079098.93766799,negcon,s1,155,89.83810307485291,0.8071120435177128,154.626929427331,2023-07-04  10:20:00,2023-07-06  10:40:00
N20,PB000103,1,1,1e-10,14079098.93766799,negcon,s2,160,78.95727816119131,0.7583671281677495,134.8137528650185,2023-07-04  10:20:00,2023-07-06  10:40:00
N21,PB000094,0,0,3.90625e-11,10.0,poscon,s1,295,131.39303713343932,0.7993152521788157,212.76485740721628,2023-07-04  10:46:30,2023-07-06  12:49:00
N21,PB000094,0,0,3.90625e-11,10.0,poscon,s2,278,124.78351758462183,0.7789841209934818,210.5885887438063,2023-07-04  10:46:30,2023-07-06  12:49:00
N22,PB000103,1,1,1e-10,14079098.93766799,negcon,s1,228,119.25506071700369,0.7739750753835605,212.93420018060635,2023-07-04  10:20:00,2023-07-06  10:40:00
N22,PB000103,1,1,1e-10,14079098.93766799,negcon,s2,328,124.4738114461752,0.7985018583891379,209.89753125874915,2023-07-04  10:20:00,2023-07-06  10:40:00
N23,PB000096,0,0,3.90625e-11,10.0,poscon,s1,67,159.28591992941426,0.8557798025971463,253.46079486347455,2023-07-04  10:47:00,2023-07-06  12:49:00
N23,PB000096,0,0,3.90625e-11,10.0,poscon,s2,76,155.1831309230359,0.8192548758664662,267.89470760033737,2023-07-04  10:47:00,2023-07-06  12:49:00
O02,PB000103,1,1,1e-10,14079098.93766799,negcon,s1,85,89.30395893341888,0.817222780090557,145.39439807213284,2023-07-04  10:20:00,2023-07-06  10:40:00
O02,PB000103,1,1,1e-10,14079098.93766799,negcon,s2,34,80.74837715545607,0.7578457145980553,126.74734920106836,2023-07-04  10:20:00,2023-07-06  10:40:00
O03,PB000094,0,0,4.0000000000000004e-11,1.0,poscon,s1,235,99.28336418193304,0.7654249426518455,175.7775234786265,2023-07-04  10:46:30,2023-07-06  12:49:00
O03,PB000094,0,0,4.0000000000000004e-11,1.0,poscon,s2,280,120.31310476770491,0.8279503014133242,187.521256543142,2023-07-04  10:46:30,2023-07-06  12:49:00
O04,PB000103,1,1,1e-10,14079098.93766799,negcon,s1,270,129.15895476897015,0.8154591295044374,211.9101034894739,2023-07-04  10:20:00,2023-07-06  10:40:00
O04,PB000103,1,1,1e-10,14079098.93766799,negcon,s2,280,115.61526549144686,0.8043625520767695,199.31031298536905,2023-07-04  10:20:00,2023-07-06  10:40:00
O05,PB000095,3,0,4e-10,10.0,poscon,s1,251,116.43369265817542,0.8065584131527306,192.8646745621984,2023-07-04  10:22:00,2023-07-06  10:40:00
O05,PB000095,3,0,4e-10,10.0,poscon,s2,327,128.618039099537,0.8086927833946636,207.1406113647327,2023-07-04  10:22:00,2023-07-06  10:40:00
O06,PB000103,1,1,1e-10,14079098.93766799,negcon,s1,38,55.45568466085891,0.8403330306737865,94.2723430138018,2023-07-04  10:20:00,2023-07-06  10:40:00
O06,PB000103,1,1,1e-10,14079098.93766799,negcon,s2,37,100.63476277320255,0.8968365899017534,169.76551119183264,2023-07-04  10:20:00,2023-07-06  10:40:00
O07,PB000101,3,0,4.0000000000000004e-11,1.0,poscon,s1,228,123.57139374161898,0.7894770862298126,199.4669534027416,2023-07-04  10:23:30,2023-07-06  10:40:00
O07,PB000101,3,0,4.0000000000000004e-11,1.0,poscon,s2,212,110.91661682534422,0.7536761912284984,190.1340879786288,2023-07-04  10:23:30,2023-07-06  10:40:00
O08,PB000102,3,0,3.90625e-11,10.0,poscon,s1,137,113.5848233774165,0.7567795586268851,204.05350632526984,2023-07-04  10:48:30,2023-07-06  12:49:00
O08,PB000102,3,0,3.90625e-11,10.0,poscon,s2,129,103.1583969910275,0.7761348610844973,184.2242701656453,2023-07-04  10:48:30,2023-07-06  12:49:00
O09,PB000091,2,1,4.0000000000000004e-11,1.0,negcon,s1,233,129.7247128943015,0.792223435799334,214.1630548718321,2023-07-04  10:21:00,2023-07-06  10:40:00
O09,PB000091,2,1,4.0000000000000004e-11,1.0,negcon,s2,211,124.08274494152292,0.7777917132167252,211.7349293612677,2023-07-04  10:21:00,2023-07-06  10:40:00
O10,PB000096,3,0,3.90625e-11,10.0,poscon,s1,40,74.59561163281475,0.933302978447202,112.15954934275612,2023-07-04  10:47:00,2023-07-06  12:49:00
O10,PB000096,3,0,3.90625e-11,10.0,poscon,s2,34,52.36844200708375,0.9082773251596648,83.77541850489041,2023-07-04  10:47:00,2023-07-06  12:49:00
O11,PB000093,2,1,4.0000000000000004e-11,1.0,negcon,s1,212,120.4649194623007,0.8415924787330575,191.3752123892768,2023-07-04  10:21:30,2023-07-06  10:40:00
O11,PB000093,2,1,4.0000000000000004e-11,1.0,negcon,s2,204,126.0840486514496,0.8102533741969726,209.25474186326375,2023-07-04  10:21:30,2023-07-06  10:40:00
O12,PB000090,1,1,1e-10,14079098.93766799,negcon,s1,333,117.24415143501145,0.7895249721530844,193.8428401431936,2023-07-04  10:45:30,2023-07-06  12:49:00
O12,PB000090,1,1,1e-10,14079098.93766799,negcon,s2,211,126.26456054865372,0.8292357866717686,196.56797895650956,2023-07-04  10:45:30,2023-07-06  12:49:00
O13,PB000095,1,1,1e-10,14079098.93766799,negcon,s1,276,82.92971857527752,0.7975718456910929,136.6051677958106,2023-07-04  10:22:00,2023-07-06  10:40:00
O13,PB000095,1,1,1e-10,14079098.93766799,negcon,s2,263,91.33277405542282,0.7943870600164528,149.75514617368174,2023-07-04  10:22:00,2023-07-06  10:40:00
O14,PB000091,1,1,1e-10,14079098.93766799,negcon,s1,264,110.94684083365568,0.7762002108454371,194.5151815118718,2023-07-04  10:21:00,2023-07-06  10:40:00
O14,PB000091,1,1,1e-10,14079098.93766799,negcon,s2,238,124.9650870821545,0.8329237720122209,208.12518668399565,2023-07-04  10:21:00,2023-07-06  10:40:00
O15,PB000089,3,0,4.0000000000000004e-11,1.0,poscon,s1,250,112.2649747257724,0.8425500735930673,192.7569828646361,2023-07-04  10:20:30,2023-07-06  10:40:00
O15,PB000089,3,0,4.0000000000000004e-11,1.0,poscon,s2,287,114.6447641915868,0.7780790121262718,197.508628850314,2023-07-04  10:20:30,2023-07-06  10:40:00
O16,PB000097,1,1,1e-10,14079098.93766799,negcon,s1,224,123.2210905277196,0.8189106234214744,200.6589466206057,2023-07-04  10:22:30,2023-07-06  10:40:00
O16,PB000097,1,1,1e-10,14079098.93766799,negcon,s2,252,114.1717495286834,0.7835298436503504,198.6635500125232,2023-07-04  10:22:30,2023-07-06  10:40:00
O17,PB000096,1,1,1e-10,14079098.93766799,negcon,s1,222,122.300073706458,0.7890616241651431,205.88508054811055,2023-07-04  10:47:00,2023-07-06  12:49:00
O17,PB000096,1,1,1e-10,14079098.93766799,negcon,s2,302,111.73867524211626,0.8037070324829112,191.8340960663236,2023-07-04  10:47:00,2023-07-06  12:49:00
O18,PB000102,1,1,1e-10,14079098.93766799,negcon,s1,67,26.55329592233465,0.7938469273077197,53.18510080179549,2023-07-04  10:48:30,2023-07-06  12:49:00
O18,PB000102,1,1,1e-10,14079098.93766799,negcon,s2,50,22.96434006722481,0.7151508626842447,51.81017162601121,2023-07-04  10:48:30,2023-07-06  12:49:00
O19,PB000103,1,1,1e-10,14079098.93766799,negcon,s1,202,122.919851354275,0.8314152889135368,191.6753143608109,2023-07-04  10:20:00,2023-07-06  10:40:00
O19,PB000103,1,1,1e-10,14079098.93766799,negcon,s2,212,122.13207080450069,0.7848266318740094,209.92927152293416,2023-07-04  10:20:00,2023-07-06  10:40:00
O20,PB000093,1,1,1e-10,14079098.93766799,negcon,s1,286,116.41465260136933,0.7832619120578088,195.0861875193389,2023-07-04  10:21:30,2023-07-06  10:40:00
O20,PB000093,1,1,1e-10,14079098.93766799,negcon,s2,284,112.21740618180924,0.8703771430385072,178.6779544355754,2023-07-04  10:21:30,2023-07-06  10:40:00
O21,PB000089,1,1,1e-10,14079098.93766799,negcon,s1,105,103.13949636914634,0.8269377036748184,178.4665305457246,2023-07-04  10:20:30,2023-07-06  10:40:00
O21,PB000089,1,1,1e-10,14079098.93766799,negcon,s2,162,123.8382571528872,0.7623694126248897,222.8449055016202,2023-07-04  10:20:30,2023-07-06  10:40:00
O22,PB000092,1,1,1e-10,14079098.93766799,negcon,s1,198,111.87226455823668,0.781206003940838,197.9443206508902,2023-07-04  10:46:00,2023-07-06  12:49:00
O22,PB000092,1,1,1e-10,14079098.93766799,negcon,s2,311,126.96629650120964,0.8242216851077466,201.5194966056156,2023-07-04  10:46:00,2023-07-06  12:49:00
O23,PB000103,1,1,1e-10,14079098.93766799,negcon,s1,233,110.56668402309676,0.7804900743483646,201.56997822536903,2023-07-04  10:20:00,2023-07-06  10:40:00
O23,PB000103,1,1,1e-10,14079098.93766799,negcon,s2,237,116.13591069319916,0.8143013654590537,198.05707337431045,2023-07-04  10:20:00,2023-07-06  10:40:00
